epoch,f1-score,iou_score,loss,lr,precision,recall,val_f1-score,val_iou_score,val_loss,val_precision,val_recall
0,0.87412428855896,0.7953974604606628,0.392996221780777,0.001,0.8662538528442383,0.8977359533309937,0.46522942185401917,0.32302019000053406,1.7589588165283203,0.6592804789543152,0.6022875308990479
1,0.930382251739502,0.8753437399864197,0.23900210857391357,0.001,0.929406464099884,0.933656632900238,0.510499119758606,0.36215686798095703,1.742865800857544,0.6774035096168518,0.640200674533844
2,0.9393213987350464,0.889784038066864,0.21086642146110535,0.001,0.9388779997825623,0.9411022663116455,0.5625560879707336,0.4282327890396118,1.4049032926559448,0.6889665722846985,0.6732078790664673
3,0.9431807994842529,0.895960807800293,0.19880037009716034,0.001,0.9427385926246643,0.9445428252220154,0.5115243196487427,0.3774760961532593,1.7929702997207642,0.6704593300819397,0.6292241215705872
4,0.9463760256767273,0.9013376235961914,0.1881200522184372,0.001,0.9462558627128601,0.9473184943199158,0.7443984150886536,0.629454493522644,0.9028246998786926,0.7645518183708191,0.8269931077957153
5,0.9487345814704895,0.9052906632423401,0.18065255880355835,0.001,0.9485580921173096,0.949700117111206,0.8702305555343628,0.7849582433700562,0.4476436376571655,0.8555479645729065,0.898227334022522
6,0.9520977735519409,0.9109203219413757,0.16981740295886993,0.001,0.9520693421363831,0.9525508284568787,0.8844265341758728,0.8051220178604126,0.40653643012046814,0.926409900188446,0.8571062088012695
7,0.9528886675834656,0.9123636484146118,0.1669529527425766,0.001,0.9528621435165405,0.9533473253250122,0.8980770111083984,0.8220232725143433,0.3707124590873718,0.9185255169868469,0.8829110860824585
8,0.9539600610733032,0.9142045974731445,0.16353097558021545,0.001,0.9539192318916321,0.9544280171394348,0.9023918509483337,0.8280057907104492,0.3554426431655884,0.9167777299880981,0.8921419382095337
9,0.9542012214660645,0.9146396517753601,0.16246721148490906,0.001,0.9542489647865295,0.954622209072113,0.9266914129257202,0.8692005276679993,0.26182493567466736,0.9175032377243042,0.9390495419502258
10,0.9560781717300415,0.9178602695465088,0.1564858853816986,0.001,0.9560602903366089,0.9564713835716248,0.9215596318244934,0.8603962659835815,0.2849637269973755,0.9214024543762207,0.9241020083427429
11,0.9568042755126953,0.9191514849662781,0.1538221687078476,0.001,0.9567214250564575,0.9572307467460632,0.9406288266181946,0.891668438911438,0.21444304287433624,0.9406993389129639,0.9415355920791626
12,0.9569566249847412,0.9194285869598389,0.15329019725322723,0.001,0.9570030570030212,0.9573097825050354,0.925345242023468,0.8667184710502625,0.26999062299728394,0.9436236619949341,0.9108025431632996
13,0.9586212038993835,0.9223239421844482,0.14776787161827087,0.001,0.9586439728736877,0.9588995575904846,0.9293777346611023,0.8720422387123108,0.26601243019104004,0.9392397999763489,0.9212346076965332
14,0.9594618082046509,0.9237968921661377,0.14500226080417633,0.001,0.9593876600265503,0.9598082900047302,0.8861401081085205,0.801324188709259,0.4378804564476013,0.9253309965133667,0.8593959808349609
16,0.9595312476158142,0.9239517450332642,0.14454029500484467,0.001,0.9595597982406616,0.9597753882408142,0.8960952758789062,0.8251517415046692,0.36197423934936523,0.8789048790931702,0.9304109811782837
17,0.961354672908783,0.9271054863929749,0.13857164978981018,0.001,0.9614494442939758,0.9614700675010681,0.9314854145050049,0.8767661452293396,0.24615032970905304,0.93210768699646,0.9325169920921326
16,0.9596316814422607,0.9241120219230652,0.14416126906871796,0.001,0.959754467010498,0.9597770571708679,0.9353960156440735,0.8831080198287964,0.23466609418392181,0.9375781416893005,0.9351263642311096
17,0.9602565765380859,0.9252114295959473,0.1422368586063385,0.001,0.9603015184402466,0.9604469537734985,0.8783005475997925,0.7974780797958374,0.4118363857269287,0.8611447811126709,0.9156326055526733
18,0.9608808755874634,0.9263293743133545,0.13990773260593414,0.001,0.9610000252723694,0.9610221982002258,0.9312806129455566,0.8741469979286194,0.2541845440864563,0.9418752789497375,0.9223898649215698
19,0.9619675278663635,0.9282026290893555,0.13643455505371094,0.001,0.962029218673706,0.9620909690856934,0.9350549578666687,0.882429301738739,0.23563282191753387,0.9486940503120422,0.923719584941864
20,0.962195873260498,0.9286403656005859,0.13549399375915527,0.001,0.9623115062713623,0.9623097777366638,0.9302612543106079,0.8748146295547485,0.25369992852211,0.9402255415916443,0.9227772951126099
21,0.9617894291877747,0.9279645085334778,0.13669297099113464,0.001,0.9618214964866638,0.9620266556739807,0.9439919590950012,0.8973981142044067,0.2015780359506607,0.9469504356384277,0.9417890310287476
22,0.9635331034660339,0.9309787750244141,0.13108208775520325,0.001,0.963549017906189,0.9636762738227844,0.944272518157959,0.897454559803009,0.2045297920703888,0.944750964641571,0.9444704651832581
23,0.9639443755149841,0.9318007826805115,0.12934422492980957,0.001,0.9640356302261353,0.9640381932258606,0.9279698729515076,0.8719742298126221,0.2622874081134796,0.9492207765579224,0.9122135043144226
24,0.9646193385124207,0.932977557182312,0.12705965340137482,0.001,0.9647347927093506,0.9646502733230591,0.9348505139350891,0.8821783661842346,0.23894143104553223,0.9458146691322327,0.9257354736328125
25,0.9651862978935242,0.9339969158172607,0.1249222606420517,0.001,0.9653111100196838,0.9652172327041626,0.9414820075035095,0.8921942710876465,0.21917708218097687,0.9430171251296997,0.9409235715866089
26,0.9643295407295227,0.9324616193771362,0.12811213731765747,0.001,0.9644924402236938,0.964368999004364,0.9275221228599548,0.8677799701690674,0.2731817662715912,0.9356951117515564,0.9211431741714478
27,0.9673011302947998,0.9378432631492615,0.11725132167339325,0.000100000005,0.9673835635185242,0.9673112630844116,0.9522679448127747,0.9114517569541931,0.17360933125019073,0.9536433219909668,0.9514498114585876
28,0.9685145616531372,0.940015435218811,0.11319714784622192,0.000100000005,0.9686481356620789,0.9684637784957886,0.954328715801239,0.9149791598320007,0.16655410826206207,0.9552527070045471,0.9538506865501404
29,0.969085156917572,0.9410617351531982,0.11119959503412247,0.000100000005,0.9691977500915527,0.9690461754798889,0.9548790454864502,0.9158312082290649,0.16550712287425995,0.9565503597259521,0.9536285400390625
30,0.9694249629974365,0.9416744709014893,0.11005205661058426,0.000100000005,0.9695218801498413,0.9694057106971741,0.9551987051963806,0.9164072871208191,0.16436554491519928,0.9562951326370239,0.9545015692710876
31,0.9697856307029724,0.9423320293426514,0.10882380604743958,0.000100000005,0.9698950052261353,0.9697425365447998,0.9551745057106018,0.9163269400596619,0.16464804112911224,0.9571093320846558,0.9536536335945129
32,0.9698882699012756,0.9425357580184937,0.10838723182678223,0.000100000005,0.9700085520744324,0.9698379635810852,0.9545937776565552,0.9156550168991089,0.16642634570598602,0.9564327597618103,0.9533190131187439
33,0.9701659083366394,0.9430312514305115,0.10744848102331161,0.000100000005,0.9702197909355164,0.9701811075210571,0.9553959965705872,0.9167290329933167,0.16411544382572174,0.9559877514839172,0.9551627039909363
34,0.9704553484916687,0.9435740113258362,0.10637886077165604,0.000100000005,0.9705718755722046,0.9704038500785828,0.9548534154891968,0.9159543514251709,0.16588860750198364,0.9560297131538391,0.9541922211647034
35,0.9707143902778625,0.9440140128135681,0.10561659932136536,0.000100000005,0.9708080291748047,0.9706813097000122,0.9552387595176697,0.9165112972259521,0.1653922200202942,0.9565695524215698,0.9543386697769165
36,0.9709751605987549,0.9445018768310547,0.10469434410333633,0.000100000005,0.9711040258407593,0.9709088802337646,0.9549933075904846,0.916235089302063,0.16592735052108765,0.956326425075531,0.954201340675354
37,0.9710188508033752,0.9446021914482117,0.10449318587779999,0.000100000005,0.9711014032363892,0.9709959626197815,0.9549282193183899,0.9160212874412537,0.16636905074119568,0.9571869373321533,0.9530717134475708
38,0.9711586833000183,0.9448490738868713,0.1039697527885437,0.000100000005,0.9712038040161133,0.9711713790893555,0.9546278119087219,0.9155482649803162,0.1674511879682541,0.9560364484786987,0.9537211060523987
39,0.9714155197143555,0.945334792137146,0.10291583091020584,1.0000001e-05,0.9715389013290405,0.97134929895401,0.95514976978302,0.916407585144043,0.1659812033176422,0.9569548964500427,0.9537968039512634
40,0.9716111421585083,0.9456815719604492,0.10230111330747604,1.0000001e-05,0.9717648029327393,0.9715098142623901,0.9552887082099915,0.9166702628135681,0.1654840111732483,0.9570750594139099,0.953983724117279
41,0.9717192053794861,0.9458716511726379,0.10198651254177094,1.0000001e-05,0.971825897693634,0.9716615676879883,0.9556781649589539,0.9172712564468384,0.16441719233989716,0.9571768641471863,0.9546635150909424
42,0.971515417098999,0.9455408453941345,0.10255570709705353,1.0000001e-05,0.9716598391532898,0.9714279770851135,0.9550817608833313,0.9163472056388855,0.16591231524944305,0.956430971622467,0.9541569948196411
43,0.9715200662612915,0.9455327987670898,0.1025192067027092,1.0000001e-05,0.9716346263885498,0.9714636206626892,0.955363929271698,0.916764497756958,0.16527040302753448,0.9570114016532898,0.9541606903076172
44,0.9717385768890381,0.9459211826324463,0.10191307961940765,1.0000001e-06,0.9719298481941223,0.9715988039970398,0.9555195569992065,0.9170147776603699,0.1649037003517151,0.957051694393158,0.9543063044548035
45,0.9716062545776367,0.9457030892372131,0.10219866782426834,1.0000001e-06,0.9717797636985779,0.971484363079071,0.9549397826194763,0.9161584377288818,0.16633188724517822,0.9559168815612793,0.9543448686599731
46,0.9717098474502563,0.9458662271499634,0.10194388031959534,1.0000001e-06,0.9718025326728821,0.9716700315475464,0.955224335193634,0.9165871739387512,0.16564606130123138,0.956180989742279,0.9547199010848999
47,0.9717936515808105,0.9460205435752869,0.10171970725059509,1.0000001e-06,0.9719132781028748,0.9717229604721069,0.9558495283126831,0.9175702333450317,0.16402271389961243,0.957061231136322,0.9550034999847412
48,0.9718347191810608,0.9460907578468323,0.10158150643110275,1.0000001e-06,0.9719849824905396,0.971735417842865,0.9549157023429871,0.9161418080329895,0.16639305651187897,0.9563142657279968,0.9539808034896851
49,0.9718018770217896,0.9460366368293762,0.10168524831533432,1.0000001e-07,0.9718846678733826,0.9717681407928467,0.9555252194404602,0.9170423150062561,0.16489288210868835,0.9565538763999939,0.9548678398132324
50,0.9717937707901001,0.9460169076919556,0.10170472413301468,1.0000001e-07,0.971838116645813,0.971795916557312,0.955435574054718,0.9168873429298401,0.16512338817119598,0.9571635127067566,0.95412278175354
51,0.971686601638794,0.945844829082489,0.10192949324846268,1.0000001e-07,0.9718165397644043,0.9716076254844666,0.9554123282432556,0.9168679714202881,0.16515548527240753,0.9566289782524109,0.9545642733573914
52,0.9717719554901123,0.9459811449050903,0.10177005082368851,1.0000001e-07,0.9718543887138367,0.9717399477958679,0.9549164175987244,0.9161332249641418,0.1664128452539444,0.9563892483711243,0.9539281129837036
53,0.971836268901825,0.9460958242416382,0.10158584266901016,1.0000001e-07,0.9719613194465637,0.9717690348625183,0.9555442333221436,0.9170140027999878,0.16489920020103455,0.9571980834007263,0.9543089270591736
54,0.9716832637786865,0.9458357691764832,0.10194475203752518,1.0000001e-08,0.9717450737953186,0.971673846244812,0.9549678564071655,0.9161805510520935,0.16628140211105347,0.9561604261398315,0.9541967511177063
55,0.9717497229576111,0.9459491968154907,0.10183921456336975,1.0000001e-08,0.9718714952468872,0.9716814756393433,0.9549458622932434,0.9161185026168823,0.16638654470443726,0.9561717510223389,0.9541729092597961
56,0.9716598391532898,0.9457917809486389,0.10203512012958527,1.0000001e-08,0.9717406034469604,0.97163325548172,0.9551854133605957,0.9165168404579163,0.16573373973369598,0.9567998647689819,0.9539995789527893
57,0.9718507528305054,0.946122407913208,0.1015227660536766,1.0000001e-08,0.9719224572181702,0.9718276858329773,0.9551489949226379,0.9164798855781555,0.16581326723098755,0.9567630887031555,0.9539464116096497
58,0.9716895222663879,0.9458392262458801,0.10201671719551086,1.0000001e-08,0.9718201160430908,0.9716124534606934,0.9557633996009827,0.9173956513404846,0.1642872840166092,0.956835150718689,0.9550078511238098
59,0.9717143774032593,0.9458830952644348,0.10195863991975784,1.0000001e-09,0.9717502593994141,0.9717317223548889,0.9550396800041199,0.9164033532142639,0.16600674390792847,0.957059919834137,0.9535592794418335
60,0.9717743396759033,0.9459801316261292,0.10173419117927551,1.0000001e-09,0.9718430638313293,0.9717551469802856,0.9553717970848083,0.9167333245277405,0.1653413474559784,0.9571097493171692,0.9540873169898987
61,0.9717200994491577,0.9458901286125183,0.10189852118492126,1.0000001e-09,0.9717972278594971,0.9716900587081909,0.955364465713501,0.9168444275856018,0.16524797677993774,0.9568718671798706,0.9543277025222778
62,0.9719560742378235,0.946302592754364,0.10125149041414261,1.0000001e-09,0.9720067381858826,0.9719544053077698,0.9552533626556396,0.9166463613510132,0.16556860506534576,0.9569610357284546,0.9540159702301025
63,0.97184157371521,0.9461060762405396,0.10150737315416336,1.0000001e-09,0.9718941450119019,0.9718340039253235,0.9558694958686829,0.9175888895988464,0.16397970914840698,0.9572717547416687,0.9548864960670471
64,0.971849262714386,0.9461151361465454,0.1015397161245346,1.0000001e-09,0.9719607830047607,0.9717892408370972,0.9555788636207581,0.9170905351638794,0.16477516293525696,0.9571294784545898,0.9544726610183716
65,0.9717505574226379,0.9459547996520996,0.10180535912513733,1.0000001e-09,0.9718145728111267,0.971731960773468,0.9553359150886536,0.9168068170547485,0.16531310975551605,0.9566347002983093,0.954464852809906
66,0.971651017665863,0.9457677602767944,0.1021127998828888,1.0000001e-09,0.971718430519104,0.9716330766677856,0.9554578065872192,0.9169787764549255,0.1649966835975647,0.9568966627120972,0.9544391632080078
67,0.9716866612434387,0.9458290934562683,0.10199974477291107,1.0000001e-09,0.9718130230903625,0.9716156721115112,0.9552446603775024,0.9167030453681946,0.16553011536598206,0.9571093916893005,0.9537737965583801
68,0.9718446731567383,0.9460975527763367,0.10152234882116318,1.0000001e-09,0.9719656109809875,0.9717699885368347,0.9555224180221558,0.9170850515365601,0.16485567390918732,0.9568588733673096,0.9546306133270264
69,0.9716928005218506,0.9458358883857727,0.1019895151257515,1.0000001e-10,0.971814751625061,0.9716176390647888,0.9553816318511963,0.9167962074279785,0.1652659922838211,0.9570926427841187,0.9541677236557007
70,0.971649706363678,0.9457884430885315,0.10206765681505203,1.0000001e-10,0.9717126488685608,0.9716426134109497,0.9554531574249268,0.9169285297393799,0.1650792509317398,0.9572283625602722,0.9540895223617554
71,0.9717976450920105,0.9460126757621765,0.10172411054372787,1.0000001e-10,0.9719552993774414,0.9716948866844177,0.9553965330123901,0.9168950319290161,0.1651695966720581,0.9566048979759216,0.9547452330589294
72,0.9717335104942322,0.9459198713302612,0.10188177227973938,1.0000001e-10,0.9718673229217529,0.9716549515724182,0.9553377628326416,0.9167588949203491,0.16536632180213928,0.9570865035057068,0.9540539979934692
73,0.9717520475387573,0.94594407081604,0.10180375725030899,1.0000001e-10,0.9718502759933472,0.9717010855674744,0.9551572203636169,0.9164323210716248,0.16585317254066467,0.9564125537872314,0.9543564319610596
74,0.9717128276824951,0.9458702206611633,0.10196439176797867,1.0000001e-11,0.9717951416969299,0.9716885685920715,0.9559748768806458,0.9178122282028198,0.16365046799182892,0.9573694467544556,0.9550102353096008
75,0.9717006087303162,0.9458511471748352,0.1019633486866951,1.0000001e-11,0.9717925786972046,0.9716613292694092,0.955282986164093,0.9166213274002075,0.1655583381652832,0.9567463397979736,0.9543048143386841
76,0.9717501997947693,0.9459463357925415,0.1018320694565773,1.0000001e-11,0.9719211459159851,0.9716259241104126,0.9554789662361145,0.9170156121253967,0.16496552526950836,0.956990659236908,0.9544458985328674
77,0.9716326594352722,0.9457473158836365,0.10219234228134155,1.0000001e-11,0.9717976450920105,0.9715167880058289,0.95527184009552,0.9166766405105591,0.16549384593963623,0.9568167328834534,0.9541848301887512
78,0.9716955423355103,0.9458586573600769,0.10195978730916977,1.0000001e-11,0.971818745136261,0.9716254472732544,0.9558476805686951,0.917515218257904,0.16408951580524445,0.957176148891449,0.9549174308776855
79,0.9717687964439392,0.9459772109985352,0.10173051804304123,1.0000001e-11,0.9718886017799377,0.97170490026474,0.9554136991500854,0.9169155955314636,0.16512936353683472,0.956900417804718,0.9543286561965942
80,0.9717624187469482,0.9459748864173889,0.10172996670007706,1.0000001e-12,0.9718665480613708,0.971703827381134,0.9554142355918884,0.9168296456336975,0.165188729763031,0.9568255543708801,0.9544436931610107
81,0.9715692400932312,0.9456437230110168,0.10228390991687775,1.0000001e-12,0.9716649055480957,0.9715273380279541,0.955672562122345,0.9172680377960205,0.16449697315692902,0.9570329189300537,0.9547322392463684
82,0.9716578722000122,0.9457914233207703,0.10205650329589844,1.0000001e-12,0.9717453718185425,0.9716165661811829,0.9556552171707153,0.9172295928001404,0.1645561158657074,0.9573323130607605,0.9544469118118286
83,0.9718053936958313,0.9460358619689941,0.10168445855379105,1.0000001e-12,0.9718935489654541,0.9717684388160706,0.9551999568939209,0.9165692925453186,0.1656898856163025,0.9570520520210266,0.9538514018058777
84,0.9718279838562012,0.9460777640342712,0.1015830859541893,1.0000001e-12,0.9718968868255615,0.971805989742279,0.9557156562805176,0.9172983169555664,0.1644475758075714,0.9570178389549255,0.9547364711761475
85,0.9717512726783752,0.9459401965141296,0.10181315988302231,1.0000001e-13,0.9718863368034363,0.9716701507568359,0.9553645849227905,0.9168343544006348,0.16524934768676758,0.9567978382110596,0.9544194340705872
86,0.9717598557472229,0.9459583759307861,0.10180004686117172,1.0000001e-13,0.9718795418739319,0.9716923832893372,0.9551147222518921,0.9164183139801025,0.16591939330101013,0.956620454788208,0.954041063785553
87,0.9718493819236755,0.9461092948913574,0.10157303512096405,1.0000001e-13,0.971947193145752,0.9718002676963806,0.9550125002861023,0.9162963032722473,0.16614189743995667,0.956491231918335,0.9539963603019714
88,0.9717238545417786,0.9459012746810913,0.10192107409238815,1.0000001e-13,0.971815288066864,0.9716858267784119,0.9555954933166504,0.9171611070632935,0.16468510031700134,0.9568662643432617,0.9547405242919922
89,0.9716237783432007,0.945729672908783,0.10217125713825226,1.0000001e-13,0.9717708826065063,0.9715293049812317,0.9549397826194763,0.9161555171012878,0.16635122895240784,0.9567323327064514,0.9537017941474915
90,0.9716459512710571,0.9457672834396362,0.1021563932299614,1.00000015e-14,0.9718334078788757,0.9715149402618408,0.9545533657073975,0.9156592488288879,0.16725721955299377,0.9560408592224121,0.9536804556846619
91,0.971753716468811,0.9459475874900818,0.10179290175437927,1.00000015e-14,0.9718314409255981,0.9717274904251099,0.9552415609359741,0.9165934324264526,0.16563165187835693,0.9567478895187378,0.9541338086128235
92,0.9717325568199158,0.9459091424942017,0.10187876969575882,1.00000015e-14,0.971764087677002,0.9717521667480469,0.9552200436592102,0.9165971875190735,0.16561788320541382,0.956601083278656,0.9543187618255615
93,0.9718992710113525,0.9462019205093384,0.10137876123189926,1.00000015e-14,0.9720034003257751,0.9718460440635681,0.9550387263298035,0.916244387626648,0.16616132855415344,0.9561465978622437,0.9543629288673401
94,0.971843957901001,0.9461143612861633,0.10157236456871033,1.00000015e-14,0.9720181822776794,0.9717181324958801,0.9554821252822876,0.9168906807899475,0.16507792472839355,0.9570021629333496,0.9543532133102417
95,0.9716019630432129,0.9456806778907776,0.10221531987190247,1.0000001e-15,0.9717004895210266,0.971552312374115,0.9554000496864319,0.91678386926651,0.16527298092842102,0.9572856426239014,0.9539244174957275
96,0.9717414379119873,0.945925235748291,0.10181969404220581,1.0000001e-15,0.9718385338783264,0.9716997146606445,0.9550197124481201,0.9162421822547913,0.16617757081985474,0.9567988514900208,0.9536363482475281
97,0.9717547297477722,0.9459576606750488,0.10179390013217926,1.0000001e-15,0.9718504548072815,0.971714198589325,0.9556378722190857,0.9172211289405823,0.1645815074443817,0.9573233723640442,0.9543722867965698
98,0.971587598323822,0.9456576108932495,0.10225488990545273,1.0000001e-15,0.9716770052909851,0.9715469479560852,0.9551466107368469,0.916579008102417,0.16571564972400665,0.9564598202705383,0.9543705582618713
99,0.9717997908592224,0.9460288286209106,0.10166815668344498,1.0000001e-15,0.9720214605331421,0.9716330766677856,0.9552741050720215,0.916649580001831,0.16552358865737915,0.9566598534584045,0.9542264938354492
100,0.9716461896896362,0.9457605481147766,0.1021103709936142,1.0000001e-16,0.9717608094215393,0.9715842604637146,0.954924464225769,0.9161224961280823,0.16639889776706696,0.956244945526123,0.9541150331497192
101,0.9718688130378723,0.9461511969566345,0.10149239003658295,1.0000001e-16,0.9720129370689392,0.9717739224433899,0.9551758170127869,0.9164248108863831,0.16586185991764069,0.9567611813545227,0.9540740847587585
102,0.9715847373008728,0.9456593990325928,0.10224679857492447,1.0000001e-16,0.971751868724823,0.9714727997779846,0.9557564854621887,0.9173973798751831,0.1642870008945465,0.9575533270835876,0.9543892741203308
103,0.9717791676521301,0.9459949135780334,0.10172130167484283,1.0000001e-16,0.9719023108482361,0.971704363822937,0.9556798338890076,0.9171918630599976,0.16457779705524445,0.9571464657783508,0.9546054601669312
104,0.9717712998390198,0.9459903836250305,0.10176628082990646,1.0000001e-16,0.9718427062034607,0.9717523455619812,0.9554916620254517,0.9169500470161438,0.16500268876552582,0.9571070671081543,0.9542844295501709
105,0.9718018770217896,0.9460276961326599,0.10170472413301468,1.0000001e-17,0.9718852043151855,0.9717657566070557,0.9553948044776917,0.916819155216217,0.16523367166519165,0.9569188952445984,0.9543328285217285
106,0.9714997410774231,0.9455282688140869,0.10249953716993332,1.0000001e-17,0.9716823697090149,0.9713736176490784,0.9553070068359375,0.9167168736457825,0.16541177034378052,0.9566534161567688,0.9543547630310059
107,0.9717873334884644,0.9460160136222839,0.10166110843420029,1.0000001e-17,0.9719783663749695,0.9716546535491943,0.9553642868995667,0.9167760014533997,0.16530057787895203,0.9566789269447327,0.954452395439148
108,0.97171550989151,0.9458853006362915,0.10191286355257034,1.0000001e-17,0.971820592880249,0.9716579914093018,0.9552707076072693,0.9168443083763123,0.16533416509628296,0.9563652276992798,0.9547531008720398
109,0.9716736674308777,0.9458163380622864,0.10203268378973007,1.0000001e-17,0.9718403816223145,0.9715611934661865,0.9556936621665955,0.9173176288604736,0.16444970667362213,0.9570659399032593,0.9547173976898193
110,0.9717345833778381,0.9459097385406494,0.10183736681938171,1e-18,0.9718600511550903,0.9716629385948181,0.9552339911460876,0.9166284203529358,0.1655770093202591,0.956614077091217,0.954308032989502
111,0.9716628193855286,0.9458013772964478,0.10203153640031815,1e-18,0.9717633724212646,0.9716110825538635,0.9557918310165405,0.9175350069999695,0.16413664817810059,0.9571839570999146,0.9547987580299377
112,0.9716278314590454,0.9457350373268127,0.10216818004846573,1e-18,0.9716498851776123,0.9716614484786987,0.9549923539161682,0.9162200093269348,0.16624340415000916,0.9561405181884766,0.9543265700340271
113,0.9717088937759399,0.9458716511726379,0.10193867236375809,1e-18,0.9718073010444641,0.9716641902923584,0.9554211497306824,0.9168487191200256,0.16516804695129395,0.9572488069534302,0.9539640545845032
114,0.9718296527862549,0.9460922479629517,0.10156916826963425,1e-18,0.9719105958938599,0.9717987179756165,0.9555312395095825,0.9170423746109009,0.16488097608089447,0.9566558003425598,0.9548395276069641
115,0.9718166589736938,0.9460555911064148,0.10166782140731812,1.00000003e-19,0.9719075560569763,0.9717722535133362,0.955198347568512,0.9165613055229187,0.16569547355175018,0.9562591910362244,0.9546032547950745
116,0.9717134833335876,0.9458855986595154,0.10192326456308365,1.00000003e-19,0.9718272686004639,0.9716506004333496,0.9555607438087463,0.9170899987220764,0.1648029386997223,0.9570409059524536,0.9545078277587891
117,0.9717268347740173,0.9459062814712524,0.10190703719854355,1.00000003e-19,0.9718522429466248,0.9716498255729675,0.95549076795578,0.9169596433639526,0.16499368846416473,0.9566966891288757,0.954696536064148
118,0.9716938138008118,0.9458443522453308,0.10196967422962189,1.00000003e-19,0.9717663526535034,0.9716698527336121,0.9553385376930237,0.9168118238449097,0.16527248919010162,0.9564608931541443,0.954630434513092
119,0.9716528654098511,0.9457721710205078,0.10210686922073364,1.00000003e-19,0.9717705845832825,0.9715885519981384,0.9552177786827087,0.9165599346160889,0.16566430032253265,0.9566388726234436,0.9542813301086426
120,0.9716408252716064,0.94575434923172,0.10211479663848877,1.00000005e-20,0.9716914296150208,0.9716441631317139,0.9552529454231262,0.9166392683982849,0.16554473340511322,0.9566265940666199,0.9543313384056091
121,0.9717375636100769,0.9459190964698792,0.10185275226831436,1.00000005e-20,0.9717769026756287,0.9717470407485962,0.9551868438720703,0.9166131615638733,0.16564081609249115,0.9568257927894592,0.9539797902107239
122,0.9717856049537659,0.9460111856460571,0.10170981287956238,1.00000005e-20,0.9719162583351135,0.9717063903808594,0.9548342227935791,0.9160408973693848,0.16656066477298737,0.9563044309616089,0.9538334012031555
123,0.9717082977294922,0.9458833932876587,0.10191372036933899,1.00000005e-20,0.9718643426895142,0.9716059565544128,0.955125093460083,0.9164721369743347,0.16584134101867676,0.9564949870109558,0.9541693329811096
124,0.9717764258384705,0.9459888339042664,0.10177823901176453,1.00000005e-20,0.9719425439834595,0.9716570973396301,0.9555942416191101,0.9172118902206421,0.16464033722877502,0.9570741057395935,0.9544885158538818
125,0.9717000126838684,0.9458601474761963,0.10197223722934723,1.0000001e-21,0.9718323349952698,0.9716242551803589,0.9558275938034058,0.9175316691398621,0.16408254206180573,0.9573942422866821,0.9546698331832886
126,0.971824049949646,0.9460690021514893,0.1016472578048706,1.0000001e-21,0.9718294739723206,0.9718635082244873,0.9558148980140686,0.9175173044204712,0.16412098705768585,0.9572111964225769,0.954761266708374
127,0.9718093276023865,0.9460523128509521,0.10161485522985458,1.0000001e-21,0.9718727469444275,0.9717947840690613,0.9552914500236511,0.9167026281356812,0.16547104716300964,0.9566912651062012,0.9543372988700867
128,0.9718047380447388,0.9460333585739136,0.1016761064529419,1.0000001e-21,0.9718747138977051,0.9717890620231628,0.9550731182098389,0.9163777232170105,0.16597935557365417,0.9566844701766968,0.9538527727127075
129,0.9718010425567627,0.9460235238075256,0.10172495245933533,1.0000001e-21,0.9718483686447144,0.9718058109283447,0.9549994468688965,0.9161794185638428,0.16627806425094604,0.9565815925598145,0.9538645148277283
130,0.9718567728996277,0.9461332559585571,0.10152039676904678,1.0000001e-22,0.9719045162200928,0.971858561038971,0.9554346799850464,0.9168757200241089,0.16511915624141693,0.9569418430328369,0.9543673396110535
131,0.9717113375663757,0.9458730816841125,0.10195092111825943,1.0000001e-22,0.9717675447463989,0.9717057347297668,0.9555675387382507,0.9171165823936462,0.16475218534469604,0.9570770263671875,0.9544544219970703
132,0.9718061685562134,0.9460387229919434,0.10170477628707886,1.0000001e-22,0.9718751907348633,0.9717857837677002,0.955319344997406,0.9168265461921692,0.16530311107635498,0.9567227363586426,0.9544928073883057
133,0.9717105627059937,0.9458785653114319,0.10189015418291092,1.0000001e-22,0.9718091487884521,0.9716599583625793,0.9551794528961182,0.9164851307868958,0.16575801372528076,0.9562808275222778,0.9544873833656311
134,0.9716909527778625,0.9458411931991577,0.101982980966568,1.0000001e-22,0.9718222618103027,0.9716111421585083,0.9556675553321838,0.9172068238258362,0.16458144783973694,0.9571578502655029,0.9545685648918152
135,0.9716932773590088,0.9458463191986084,0.1019875705242157,1.0000001e-23,0.971771776676178,0.9716637134552002,0.9553610682487488,0.916756272315979,0.1653095781803131,0.9569023251533508,0.9542053937911987
136,0.9718348979949951,0.9461038112640381,0.10153282433748245,1.0000001e-23,0.9718997478485107,0.9718201756477356,0.9556114673614502,0.9171615242958069,0.16471485793590546,0.9567521810531616,0.9547944068908691
137,0.9718659520149231,0.9461402893066406,0.1015143096446991,1.0000001e-23,0.9720271825790405,0.9717553853988647,0.955376148223877,0.9168516993522644,0.1652074009180069,0.9567083120346069,0.9545808434486389
138,0.9716615676879883,0.9457905292510986,0.10206208378076553,1.0000001e-23,0.9717453718185425,0.9716264605522156,0.9554533958435059,0.916894793510437,0.16509367525577545,0.9568192362785339,0.9545417428016663
139,0.9717313647270203,0.9459189772605896,0.10187812894582748,1.0000001e-23,0.9718924760818481,0.9716190695762634,0.9552320837974548,0.9165736436843872,0.16563178598880768,0.9564973711967468,0.9544618129730225
140,0.9716342091560364,0.9457497000694275,0.10212887823581696,1.0000001e-24,0.9717294573783875,0.9715951085090637,0.9555394649505615,0.9170506596565247,0.16485904157161713,0.9569326639175415,0.9545496106147766
141,0.971671998500824,0.9457912445068359,0.10209546238183975,1.0000001e-24,0.9718039035797119,0.9715905785560608,0.9559251070022583,0.9176860451698303,0.1638479381799698,0.957254946231842,0.9550023078918457
142,0.9717957377433777,0.9460222721099854,0.10169463604688644,1.0000001e-24,0.9719231128692627,0.9717190265655518,0.9556383490562439,0.9172564148902893,0.16455598175525665,0.9573248028755188,0.9543668031692505
143,0.9718937277793884,0.9461921453475952,0.1014082133769989,1.0000001e-24,0.9719664454460144,0.9718768000602722,0.9556170701980591,0.9171877503395081,0.1646306812763214,0.9570215940475464,0.9545999765396118
144,0.971763014793396,0.9459680914878845,0.1017502173781395,1.0000001e-24,0.9718778729438782,0.9716991186141968,0.955520510673523,0.917104184627533,0.16484864056110382,0.9569078683853149,0.9545190334320068
145,0.9716376066207886,0.9457606673240662,0.10212771594524384,1.00000014e-25,0.971699595451355,0.9716243743896484,0.9557337760925293,0.9173745512962341,0.16433505713939667,0.9571444392204285,0.9547325968742371
146,0.9717446565628052,0.9459397196769714,0.10183390974998474,1.00000014e-25,0.9718756079673767,0.9716629981994629,0.9555628299713135,0.9171355366706848,0.16473527252674103,0.9568213820457458,0.9547191262245178
147,0.9718284606933594,0.9460849761962891,0.10161566734313965,1.00000014e-25,0.9719048142433167,0.971802830696106,0.955362856388092,0.9168785214424133,0.1652085930109024,0.9568989276885986,0.9542592763900757
148,0.9718159437179565,0.9460446238517761,0.10166194289922714,1.00000014e-25,0.9719700813293457,0.9717128276824951,0.9553602337837219,0.9167493581771851,0.1653229147195816,0.9562394618988037,0.9548795223236084
149,0.971696138381958,0.9458499550819397,0.10194963216781616,1.00000014e-25,0.9717921018600464,0.9716541767120361,0.9558493494987488,0.9175375699996948,0.16405163705348969,0.9574271440505981,0.9546749591827393
150,0.9717426896095276,0.9459261298179626,0.10190556943416595,1.00000014e-26,0.9718425869941711,0.9716932773590088,0.9555681347846985,0.9170573949813843,0.16483640670776367,0.9569780230522156,0.9545494318008423
151,0.9718849658966064,0.9461736679077148,0.10144603997468948,1.00000014e-26,0.9720282554626465,0.9717939496040344,0.9553102254867554,0.9166809916496277,0.1654607206583023,0.956817090511322,0.9542162418365479
152,0.9716439843177795,0.945772111415863,0.10211032629013062,1.00000014e-26,0.9717420935630798,0.9715951681137085,0.9551140069961548,0.916357696056366,0.16597138345241547,0.9562906622886658,0.9543869495391846
153,0.9718305468559265,0.9460789561271667,0.10161873698234558,1.00000014e-26,0.9719550013542175,0.9717549085617065,0.9551055431365967,0.9164741039276123,0.16586871445178986,0.9564142227172852,0.9543805122375488
154,0.9717522859573364,0.9459415078163147,0.10185787081718445,1.00000014e-26,0.9719111919403076,0.9716445803642273,0.9553020596504211,0.9167138338088989,0.16543737053871155,0.95656418800354,0.9544963836669922
155,0.9718776941299438,0.9461546540260315,0.10146128386259079,1.0000001e-27,0.9719825983047485,0.9718213677406311,0.9547685384750366,0.9159151911735535,0.16675812005996704,0.9565119743347168,0.953474760055542
156,0.971680760383606,0.9458147883415222,0.1020478755235672,1.0000001e-27,0.9718286991119385,0.971584141254425,0.9556062817573547,0.9171716570854187,0.1646578460931778,0.9569576382637024,0.9546172022819519
157,0.9715933203697205,0.9456832408905029,0.10219697654247284,1.0000001e-27,0.9717475175857544,0.9714893698692322,0.9555863738059998,0.9171140193939209,0.1647499054670334,0.9574026465415955,0.9542104601860046
158,0.9716796875,0.9458267092704773,0.10199752449989319,1.0000001e-27,0.9718756079673767,0.9715407490730286,0.9556697607040405,0.91728675365448,0.16448280215263367,0.9568457007408142,0.9549148678779602
159,0.9717024564743042,0.9458586573600769,0.10194560140371323,1.0000001e-27,0.9718202948570251,0.9716358780860901,0.9553144574165344,0.9167760610580444,0.16535207629203796,0.9566828012466431,0.9543879628181458
160,0.9717485904693604,0.9459441304206848,0.10180655866861343,1.0000001e-28,0.9718562960624695,0.9716955423355103,0.9555431008338928,0.917068362236023,0.1648394912481308,0.9571629762649536,0.9543552398681641
161,0.9717656970024109,0.9459682106971741,0.10182545334100723,1.0000001e-28,0.9718112349510193,0.9717712998390198,0.9555671811103821,0.917120099067688,0.1647726446390152,0.9569849967956543,0.9545441269874573
162,0.9715988039970398,0.9456760287284851,0.10226907581090927,1.0000001e-28,0.9716997742652893,0.9715576171875,0.955340564250946,0.9167535305023193,0.16534432768821716,0.9574933052062988,0.9537659287452698
163,0.9716989994049072,0.9458439946174622,0.10195428133010864,1.0000001e-28,0.9718192219734192,0.9716269373893738,0.9557309746742249,0.9173263907432556,0.16437557339668274,0.9570400714874268,0.954837441444397
164,0.9718164205551147,0.9460556507110596,0.10164394229650497,1.0000001e-28,0.9719117283821106,0.9717690348625183,0.9555044174194336,0.9170656204223633,0.16489143669605255,0.9571027159690857,0.954293966293335
165,0.9715084433555603,0.9455272555351257,0.10247992724180222,1.00000015e-29,0.9717385768890381,0.9713302254676819,0.9552751779556274,0.9167284369468689,0.16544239223003387,0.9568967819213867,0.9540653228759766
166,0.9716801047325134,0.9458160400390625,0.1020168885588646,1.00000015e-29,0.9718285799026489,0.9715843200683594,0.9554136395454407,0.9168656468391418,0.16516456007957458,0.9566296935081482,0.9545870423316956
167,0.9718246459960938,0.9460813999176025,0.10163116455078125,1.00000015e-29,0.9718992710113525,0.9718050360679626,0.9548423886299133,0.9159669876098633,0.16664248704910278,0.9566810727119446,0.9534968137741089
168,0.9718145728111267,0.9460429549217224,0.10167451202869415,1.00000015e-29,0.9719468951225281,0.9717332124710083,0.9554275274276733,0.9168695211410522,0.16513846814632416,0.9569795727729797,0.9542948007583618
169,0.9717803597450256,0.9459958076477051,0.10171660780906677,1.00000015e-29,0.9719171524047852,0.9716929793357849,0.9549963474273682,0.9162351489067078,0.16621123254299164,0.9567402005195618,0.9537099003791809
170,0.9715555310249329,0.9456140398979187,0.10233613848686218,1.0000002e-30,0.9717702865600586,0.9713995456695557,0.9551991820335388,0.9165419340133667,0.16570238769054413,0.9568217992782593,0.9540125131607056
171,0.9718002676963806,0.946032702922821,0.10166079550981522,1.0000002e-30,0.9719542860984802,0.9716989398002625,0.9552007913589478,0.9165967702865601,0.1656762957572937,0.9562907814979553,0.95456862449646
172,0.9717387557029724,0.9459189176559448,0.10189101099967957,1.0000002e-30,0.9718478918075562,0.9716798067092896,0.955577552318573,0.9171283841133118,0.16473911702632904,0.9567720890045166,0.9547544717788696
173,0.9716456532478333,0.9457531571388245,0.10213026404380798,1.0000002e-30,0.9717455506324768,0.9715942740440369,0.9553603529930115,0.9167581796646118,0.16532744467258453,0.9564352631568909,0.9546733498573303
174,0.9717300534248352,0.9459195137023926,0.10184492915868759,1.0000002e-30,0.9718743562698364,0.9716383814811707,0.9551275968551636,0.9164382815361023,0.16588421165943146,0.9562990069389343,0.954384446144104
175,0.9718427062034607,0.9460997581481934,0.10159306973218918,1.0000002e-31,0.9719278812408447,0.971804141998291,0.9553048610687256,0.9166895151138306,0.16546685993671417,0.9565741419792175,0.9544896483421326
176,0.9715190529823303,0.9455525279045105,0.10248684138059616,1.0000002e-31,0.9716484546661377,0.9714465737342834,0.9557332396507263,0.9173542261123657,0.164337620139122,0.9571766257286072,0.9546957612037659
177,0.9718170166015625,0.9460664391517639,0.10159478336572647,1.0000002e-31,0.9719271063804626,0.9717598557472229,0.9553634524345398,0.9167900681495667,0.16530106961727142,0.9565505385398865,0.95458984375
178,0.9717334508895874,0.9459131956100464,0.10187844932079315,1.0000002e-31,0.9717789888381958,0.971739649772644,0.9554197192192078,0.9169126152992249,0.16512125730514526,0.9569685459136963,0.9542695879936218
179,0.9716616272926331,0.9457889199256897,0.1020585149526596,1.0000002e-31,0.9717648029327393,0.9716102480888367,0.9547867178916931,0.9158967137336731,0.16677679121494293,0.9562968611717224,0.953704833984375
180,0.9716833233833313,0.9458320140838623,0.10196775943040848,1.00000024e-32,0.9718085527420044,0.9716100692749023,0.9556649327278137,0.9172647595405579,0.1645200103521347,0.9570469260215759,0.9546661972999573
181,0.9718413949012756,0.946100115776062,0.10157119482755661,1.00000024e-32,0.9719473123550415,0.9717820286750793,0.9555478692054749,0.9171204566955566,0.16478969156742096,0.956902027130127,0.954650342464447
182,0.9717044234275818,0.9458764791488647,0.10195431858301163,1.00000024e-32,0.9717290997505188,0.9717280268669128,0.9551128149032593,0.9165321588516235,0.16578860580921173,0.9566466808319092,0.9540764093399048
183,0.9716887474060059,0.9458329081535339,0.10198511183261871,1.00000024e-32,0.9718862771987915,0.9715456962585449,0.9556468725204468,0.9172424674034119,0.16454505920410156,0.9567955136299133,0.9548484086990356
184,0.9716180562973022,0.9457015991210938,0.10222212225198746,1.00000024e-32,0.9718038439750671,0.9714847207069397,0.955195963382721,0.9165504574775696,0.16569766402244568,0.9562885761260986,0.9545730352401733
185,0.9717440605163574,0.9459298253059387,0.10188809037208557,1.0000002e-33,0.9717897176742554,0.971750020980835,0.9552294015884399,0.9165881276130676,0.16564427316188812,0.9568246006965637,0.9541649222373962
186,0.9717933535575867,0.9460163116455078,0.10165466368198395,1.0000002e-33,0.9719530940055847,0.9716823697090149,0.955777108669281,0.9173374772071838,0.16434405744075775,0.9573377966880798,0.9545450210571289
187,0.9718464016914368,0.9461185932159424,0.10152609646320343,1.0000002e-33,0.9719035029411316,0.9718395471572876,0.9556471109390259,0.9171865582466125,0.1646227240562439,0.9574422836303711,0.9543022513389587
188,0.9718047380447388,0.9460346698760986,0.10168284922838211,1.0000002e-33,0.9719022512435913,0.9717593789100647,0.9549307227134705,0.9161204099655151,0.166373610496521,0.9565945267677307,0.9537031650543213
189,0.9717913269996643,0.9460099935531616,0.10171844810247421,1.0000002e-33,0.9718522429466248,0.9717819094657898,0.9549186825752258,0.916122317314148,0.16642199456691742,0.9562415480613708,0.9540184736251831
190,0.9718288779258728,0.946094810962677,0.10155394673347473,1.0000002e-34,0.971906304359436,0.9718018770217896,0.9552233815193176,0.9165480732917786,0.1656772792339325,0.9566108584403992,0.9543600678443909
191,0.9717915058135986,0.9460111260414124,0.1017523854970932,1.0000002e-34,0.9719179272651672,0.971716046333313,0.9548289179801941,0.9159569144248962,0.16667059063911438,0.956161618232727,0.9539055824279785
192,0.9717988967895508,0.94602370262146,0.10169211030006409,1.0000002e-34,0.9718998670578003,0.9717470407485962,0.955466628074646,0.9169599413871765,0.16503353416919708,0.9570110440254211,0.9543521404266357
193,0.9716594815254211,0.9457971453666687,0.10206712037324905,1.0000002e-34,0.9718453288078308,0.9715259671211243,0.9551405310630798,0.916446328163147,0.16586582362651825,0.9567687511444092,0.9539335370063782
194,0.9717491865158081,0.9459415674209595,0.10183961689472198,1.0000002e-34,0.9718142747879028,0.9717392325401306,0.955316424369812,0.9167139530181885,0.16541992127895355,0.9568017721176147,0.9542197585105896
195,0.9716712236404419,0.9458336234092712,0.10200604796409607,1.00000016e-35,0.9718873500823975,0.9715261459350586,0.9550706148147583,0.91628098487854,0.16608373820781708,0.9566522240638733,0.9539686441421509
196,0.9718645811080933,0.9461323618888855,0.10153064876794815,1.00000016e-35,0.9719095230102539,0.9718669056892395,0.9557065963745117,0.9173313975334167,0.1644221693277359,0.9569878578186035,0.9548211097717285
197,0.9718099236488342,0.9460399746894836,0.1016511544585228,1.00000016e-35,0.971922755241394,0.9717416167259216,0.9553855061531067,0.9168624877929688,0.16521576046943665,0.9565340280532837,0.9546207189559937
198,0.9716180562973022,0.9457356929779053,0.10215143114328384,1.00000016e-35,0.97170490026474,0.97158282995224,0.9551700353622437,0.916523814201355,0.16574624180793762,0.9565322995185852,0.9542001485824585
199,0.9718313217163086,0.9460839629173279,0.10162883996963501,1.00000016e-35,0.9719028472900391,0.9718106389045715,0.9553114771842957,0.9166966080665588,0.16544869542121887,0.957095205783844,0.9541058540344238
200,0.9717947840690613,0.9460084438323975,0.1017088070511818,1.0000001e-36,0.9718883037567139,0.971746563911438,0.9553393721580505,0.9167887568473816,0.16530254483222961,0.9564868211746216,0.9547057747840881
201,0.9718225598335266,0.9460750222206116,0.10160017013549805,1.0000001e-36,0.9719491600990295,0.9717459678649902,0.9554820656776428,0.9169409275054932,0.16501851379871368,0.9570724368095398,0.9543224573135376
202,0.9717390537261963,0.9459228515625,0.10185396671295166,1.0000001e-36,0.971797525882721,0.9717283248901367,0.9548407793045044,0.9159988760948181,0.16661114990711212,0.9563959240913391,0.9537141919136047
203,0.9717341065406799,0.9459156394004822,0.10183659940958023,1.0000001e-36,0.9718098640441895,0.9717098474502563,0.9554787874221802,0.9169486165046692,0.165017768740654,0.9567326903343201,0.9546157717704773
204,0.9717999696731567,0.9460299611091614,0.10165107995271683,1.0000001e-36,0.9718866348266602,0.9717675447463989,0.9553349614143372,0.9167078733444214,0.1653916835784912,0.9566877484321594,0.9543805122375488
205,0.9717620015144348,0.9459583759307861,0.10180334746837616,1.0000001e-37,0.9718403220176697,0.971730649471283,0.9553372263908386,0.9168189764022827,0.1652718037366867,0.9570794701576233,0.9540635347366333
206,0.9719370603561401,0.9462645053863525,0.10128368437290192,1.0000001e-37,0.9720121622085571,0.9719061851501465,0.9555695056915283,0.9170616865158081,0.16480910778045654,0.9573408961296082,0.95430588722229
207,0.9717167615890503,0.9458826184272766,0.10196010768413544,1.0000001e-37,0.9717988967895508,0.9716871976852417,0.955588698387146,0.9170931577682495,0.1647738218307495,0.956833004951477,0.9546862840652466
208,0.971895158290863,0.9461909532546997,0.10142267495393753,1.0000001e-37,0.9720121622085571,0.9718267917633057,0.9549070596694946,0.9160351157188416,0.16651551425457,0.9563628435134888,0.9539555907249451
209,0.9716812372207642,0.9458281993865967,0.1019994392991066,1.0000001e-37,0.971842885017395,0.9715746641159058,0.9555277824401855,0.9170446991920471,0.16485680639743805,0.9568676948547363,0.9545794725418091
210,0.9717716574668884,0.9459699988365173,0.10179776698350906,1.0000001e-38,0.9718929529190063,0.9717001914978027,0.9553492069244385,0.9167924523353577,0.16529320180416107,0.9570220708847046,0.9541531801223755
211,0.971754252910614,0.9459457397460938,0.10179878026247025,1.0000001e-38,0.9718970060348511,0.9716647863388062,0.9553678631782532,0.9168119430541992,0.165284663438797,0.9568876624107361,0.9542248845100403
212,0.9717168807983398,0.9458912014961243,0.10188618302345276,1.0000001e-38,0.9718852043151855,0.9716027975082397,0.9555433392524719,0.9170408844947815,0.16487307846546173,0.9570697546005249,0.9544627070426941
213,0.9718945622444153,0.9461829662322998,0.10140988230705261,1.0000001e-38,0.9719597101211548,0.9718746542930603,0.9555386304855347,0.9169886112213135,0.1649262011051178,0.9569430947303772,0.9545023441314697
214,0.9716923832893372,0.945848286151886,0.10198497027158737,1.0000001e-38,0.9718433618545532,0.9715981483459473,0.9550395011901855,0.9162922501564026,0.16611796617507935,0.9564290046691895,0.954193115234375
215,0.971602201461792,0.9456822872161865,0.10226140171289444,1e-39,0.9716638922691345,0.9715915322303772,0.9551498293876648,0.916431188583374,0.16587163507938385,0.9566407203674316,0.9540639519691467
216,0.9716492295265198,0.9457748532295227,0.10211190581321716,1e-39,0.9717687368392944,0.9715861082077026,0.955518901348114,0.9171388745307922,0.16476775705814362,0.9573445320129395,0.9541890025138855
217,0.9717426896095276,0.945921778678894,0.10189184546470642,1e-39,0.971849262714386,0.9716863632202148,0.9557061195373535,0.9173070192337036,0.16443413496017456,0.9569576382637024,0.9548097252845764
218,0.9718344211578369,0.94608074426651,0.10157585144042969,1e-39,0.971929132938385,0.9717868566513062,0.9554734230041504,0.9169448614120483,0.16503651440143585,0.9571254849433899,0.9541916251182556
219,0.9717013835906982,0.9458633065223694,0.10196273773908615,1e-39,0.9718703031539917,0.9715830683708191,0.9547837972640991,0.9158934354782104,0.1667773574590683,0.9562407732009888,0.9538705348968506
220,0.9718664288520813,0.9461485743522644,0.10148985683917999,1e-40,0.9719922542572021,0.9717912077903748,0.955448567867279,0.9169798493385315,0.16500526666641235,0.9569660425186157,0.9544228911399841
221,0.9718549251556396,0.9461169242858887,0.10153646022081375,1e-40,0.971921443939209,0.9718364477157593,0.9554615616798401,0.9169583916664124,0.16502463817596436,0.9567072987556458,0.9546995759010315
222,0.9716992974281311,0.945859432220459,0.10193991661071777,1e-40,0.9717777967453003,0.971667468547821,0.9561125636100769,0.9179559350013733,0.16336537897586823,0.9576940536499023,0.9549059271812439
223,0.9717456698417664,0.9459345936775208,0.10181745141744614,1e-40,0.9718721508979797,0.9716741442680359,0.9548133611679077,0.9159096479415894,0.16673442721366882,0.9563954472541809,0.9536107182502747
224,0.971680760383606,0.9458170533180237,0.10206636786460876,1e-40,0.971799910068512,0.9716172814369202,0.9550655484199524,0.9163068532943726,0.1660887897014618,0.9562180638313293,0.9543827772140503
225,0.9717574119567871,0.9459744095802307,0.10176241397857666,1e-40,0.9718506932258606,0.9717175364494324,0.9556639194488525,0.917394757270813,0.16441106796264648,0.9570180773735046,0.9547498822212219
226,0.9716424345970154,0.9457533359527588,0.1021159291267395,1e-40,0.9717311859130859,0.971605122089386,0.9555395841598511,0.9170915484428406,0.16481736302375793,0.9570191502571106,0.9544918537139893
227,0.9717807769775391,0.9460025429725647,0.10174978524446487,1e-40,0.9718667268753052,0.9717458486557007,0.955224335193634,0.91660475730896,0.1656162291765213,0.9565934538841248,0.9542598128318787
228,0.9716851115226746,0.9458271265029907,0.10197364538908005,1e-41,0.9717898964881897,0.9716317653656006,0.9556542634963989,0.9173180460929871,0.16445881128311157,0.9571967124938965,0.9545391201972961
229,0.9716319441795349,0.945737361907959,0.10214956104755402,1e-41,0.9717699885368347,0.9715467691421509,0.9550864696502686,0.9164397120475769,0.1659238487482071,0.956518828868866,0.9540340304374695
230,0.971786379814148,0.9460058808326721,0.10171137005090714,1e-41,0.9718400239944458,0.9717879295349121,0.955601692199707,0.917137861251831,0.164716437458992,0.9571027755737305,0.9545225501060486
231,0.9718083739280701,0.9460495710372925,0.10164706408977509,1e-41,0.9719319343566895,0.9717334508895874,0.9559854865074158,0.9177501797676086,0.16372938454151154,0.9574188590049744,0.9549571871757507
232,0.9717342853546143,0.9459141492843628,0.10186303406953812,1e-41,0.9718645811080933,0.971656322479248,0.9549670815467834,0.9161595702171326,0.1663227528333664,0.9564275145530701,0.9539422988891602
233,0.9718442559242249,0.9461143612861633,0.10155294090509415,1e-42,0.9718875288963318,0.9718526601791382,0.955064594745636,0.9163720011711121,0.1659926027059555,0.956416130065918,0.9541829824447632
234,0.9718137979507446,0.946053683757782,0.10162221640348434,1e-42,0.9719088673591614,0.9717682600021362,0.9558674097061157,0.9175668358802795,0.16400717198848724,0.9574397206306458,0.9547033309936523
235,0.9718580842018127,0.9461286067962646,0.10153259336948395,1e-42,0.9719647765159607,0.9718005657196045,0.9555054903030396,0.9170529246330261,0.16487081348896027,0.9570971727371216,0.9543712139129639
236,0.9717910885810852,0.9460070729255676,0.10167878121137619,1e-42,0.9719274640083313,0.9717069864273071,0.9554802775382996,0.9169753193855286,0.16498343646526337,0.9569671750068665,0.9544001221656799
237,0.9717791676521301,0.945986270904541,0.10173214972019196,1e-42,0.9718837141990662,0.9717245697975159,0.9554165005683899,0.9168564677238464,0.16515785455703735,0.9568453431129456,0.9543915390968323
238,0.9717437028884888,0.9459354877471924,0.1018192321062088,1e-43,0.9718418121337891,0.971696138381958,0.955704927444458,0.9172845482826233,0.16446387767791748,0.9572088122367859,0.9546648859977722
239,0.9715486168861389,0.9456032514572144,0.10241253674030304,1e-43,0.9716524481773376,0.9714993238449097,0.9550440907478333,0.9162663221359253,0.16614168882369995,0.9565557837486267,0.9540525078773499
240,0.9717051982879639,0.9458764791488647,0.10193940252065659,1e-43,0.9718272089958191,0.9716318845748901,0.9553709030151367,0.9167905449867249,0.16530102491378784,0.9569857716560364,0.9542046785354614
241,0.9716358184814453,0.9457511901855469,0.10215634852647781,1e-43,0.9717748165130615,0.9715503454208374,0.9556941390037537,0.9173356294631958,0.164414182305336,0.9570292830467224,0.9548025131225586
242,0.9715903401374817,0.9456503391265869,0.10227692127227783,1e-43,0.9717077016830444,0.9715241193771362,0.9552832841873169,0.9166563153266907,0.1655244082212448,0.9569293856620789,0.9540183544158936
243,0.9716796875,0.9458287954330444,0.10198013484477997,1e-44,0.9717127084732056,0.9716915488243103,0.9557550549507141,0.9173403382301331,0.16435742378234863,0.9570132493972778,0.9548672437667847
244,0.9717809557914734,0.9460007548332214,0.10176724195480347,1e-44,0.9718740582466125,0.9717411994934082,0.9551478028297424,0.9164823293685913,0.16583482921123505,0.9567616581916809,0.9540053009986877
245,0.9717428684234619,0.9459437727928162,0.10181880742311478,1e-44,0.9718278646469116,0.9717089533805847,0.9550383687019348,0.9163864254951477,0.16603048145771027,0.9563854932785034,0.9541947841644287
246,0.9715148210525513,0.9455427527427673,0.10249137133359909,1e-44,0.9715670943260193,0.9715242981910706,0.9553971886634827,0.9168309569358826,0.16522207856178284,0.9568908214569092,0.9542744159698486
247,0.97184818983078,0.9461165070533752,0.10152328014373779,1e-44,0.9719194173812866,0.9718295931816101,0.9553655385971069,0.9168110489845276,0.165267676115036,0.9567140340805054,0.9544683694839478
248,0.9718300700187683,0.946083664894104,0.10158274322748184,1e-45,0.9719998240470886,0.9717111587524414,0.9554612040519714,0.9169484376907349,0.16504992544651031,0.9567813873291016,0.9545222520828247
249,0.9717613458633423,0.9459525346755981,0.10179959982633591,1e-45,0.9718919992446899,0.971677303314209,0.9554139375686646,0.9168952703475952,0.1651354283094406,0.9568226933479309,0.9544360637664795
250,0.9718828201293945,0.9461658000946045,0.10145649313926697,1e-45,0.9719839692115784,0.9718316197395325,0.9550731182098389,0.9164386987686157,0.1659483015537262,0.9565424919128418,0.9541106224060059
251,0.9717704057693481,0.945976972579956,0.10175114125013351,1e-45,0.9718213081359863,0.9717692136764526,0.9555611610412598,0.9171248078346252,0.1647646725177765,0.9569357633590698,0.9545809030532837
252,0.9716945886611938,0.9458507895469666,0.10195627808570862,1e-45,0.9718809127807617,0.9715592861175537,0.9555143117904663,0.9169638156890869,0.16495846211910248,0.9570536017417908,0.9543447494506836
253,0.9717562794685364,0.9459513425827026,0.10183106362819672,0.0,0.9718267917633057,0.9717337489128113,0.9556294679641724,0.9171323776245117,0.16468952596187592,0.9570005536079407,0.9546210169792175
254,0.9716835618019104,0.9458391666412354,0.10198380798101425,0.0,0.971746027469635,0.9716718196868896,0.9551939368247986,0.9165393710136414,0.16571307182312012,0.9563474655151367,0.9544003009796143
255,0.9716230034828186,0.945730447769165,0.10220445692539215,0.0,0.9717426896095276,0.9715524911880493,0.955393373966217,0.9167973399162292,0.16523636877536774,0.956781804561615,0.9544186592102051
256,0.9717025756835938,0.9458577632904053,0.10197754204273224,0.0,0.9718353748321533,0.9716257452964783,0.9549766778945923,0.9162229895591736,0.16623182594776154,0.9564875960350037,0.9538902044296265
257,0.9716814756393433,0.9458215832710266,0.10202514380216599,0.0,0.971853494644165,0.971560001373291,0.9551509618759155,0.9165223836898804,0.16579142212867737,0.9571059346199036,0.9536548256874084
258,0.9717393517494202,0.9459196925163269,0.10186906903982162,0.0,0.9718518257141113,0.9716774225234985,0.9552443027496338,0.9166046380996704,0.16561156511306763,0.9571512341499329,0.9537791013717651
259,0.9718062877655029,0.946038007736206,0.10165966302156448,0.0,0.9719289541244507,0.971731424331665,0.9552118182182312,0.9165552854537964,0.16566669940948486,0.9569419622421265,0.9540807008743286
260,0.9717804789543152,0.9459914565086365,0.10176149010658264,0.0,0.9718501567840576,0.9717612266540527,0.9553927183151245,0.9168235063552856,0.16522729396820068,0.9570506811141968,0.9541730284690857
261,0.9717117547988892,0.945871889591217,0.10192964971065521,0.0,0.9718050360679626,0.9716715812683105,0.955017626285553,0.9163137078285217,0.166110098361969,0.9563446044921875,0.9541256427764893
262,0.971760630607605,0.9459568858146667,0.10186351835727692,0.0,0.9719559550285339,0.9716195464134216,0.954714298248291,0.915721595287323,0.16702038049697876,0.9561267495155334,0.9536892771720886
263,0.9719135761260986,0.9462283253669739,0.10138099640607834,0.0,0.9719871282577515,0.9718908071517944,0.9556652903556824,0.9173312783241272,0.16446563601493835,0.9571049809455872,0.9546380043029785
264,0.971893846988678,0.9461859464645386,0.10144352912902832,0.0,0.9719616770744324,0.9718754291534424,0.9554139971733093,0.9168923497200012,0.16514022648334503,0.9566470384597778,0.954599142074585
265,0.971807062625885,0.9460400938987732,0.10164834558963776,0.0,0.9719860553741455,0.971678614616394,0.9558506011962891,0.917569100856781,0.16404812037944794,0.9572251439094543,0.9548505544662476
266,0.9716339111328125,0.9457502961158752,0.10214703530073166,0.0,0.9716799855232239,0.9716394543647766,0.9549788236618042,0.9162051677703857,0.16626127064228058,0.9563453197479248,0.9539799690246582
267,0.9715149998664856,0.9455341696739197,0.10251488536596298,0.0,0.9716063141822815,0.971473217010498,0.9552118182182312,0.916558563709259,0.16566774249076843,0.95697021484375,0.9538826942443848
268,0.9716663956642151,0.9458032250404358,0.10204574465751648,0.0,0.9717591404914856,0.9716281294822693,0.9551262259483337,0.9164145588874817,0.16591691970825195,0.956670880317688,0.9540117383003235
269,0.9715270400047302,0.9455695748329163,0.1024358719587326,0.0,0.9717025756835938,0.9714105129241943,0.9549155235290527,0.9161865711212158,0.16635389626026154,0.9563243389129639,0.9540135264396667
270,0.9714545011520386,0.9454458355903625,0.10259051620960236,0.0,0.9715816974639893,0.9713770747184753,0.9555985331535339,0.9171720743179321,0.16467374563217163,0.9571061134338379,0.9544758200645447
271,0.9718323945999146,0.9460804462432861,0.10159555822610855,0.0,0.9718786478042603,0.9718329906463623,0.9552101492881775,0.9165603518486023,0.1656809002161026,0.9570063352584839,0.9538347721099854
272,0.9718387126922607,0.9461089968681335,0.10155174136161804,0.0,0.9718928933143616,0.9718316197395325,0.9555869698524475,0.9170840978622437,0.16477374732494354,0.957131028175354,0.9544022679328918
273,0.9716023802757263,0.9456967711448669,0.10217269510030746,0.0,0.9717405438423157,0.9715175628662109,0.9551543593406677,0.916428804397583,0.1658484786748886,0.9566165208816528,0.9541546106338501
274,0.9718461036682129,0.9461119771003723,0.1015893816947937,0.0,0.9718983173370361,0.9718483686447144,0.9557984471321106,0.9174844622612,0.1641656756401062,0.9572749137878418,0.9547460079193115
275,0.9717454314231873,0.9459323287010193,0.10183055698871613,0.0,0.9718922972679138,0.9716487526893616,0.9555189609527588,0.9171506762504578,0.16479893028736115,0.9568266868591309,0.9545986652374268
276,0.9716702103614807,0.9458202123641968,0.10202421993017197,0.0,0.9718415141105652,0.9715466499328613,0.9553519487380981,0.9167264699935913,0.1653861701488495,0.956899881362915,0.9542613625526428
277,0.971752941608429,0.9459490776062012,0.10181735455989838,0.0,0.971859335899353,0.9716965556144714,0.9553602337837219,0.9168075323104858,0.165263831615448,0.9567139744758606,0.9544440507888794
278,0.9717859625816345,0.9460045099258423,0.10169968754053116,0.0,0.9718947410583496,0.9717238545417786,0.9549697041511536,0.9161946177482605,0.16630706191062927,0.956274688243866,0.9541275501251221
279,0.971757709980011,0.945966899394989,0.10175435245037079,0.0,0.9718932509422302,0.9716770052909851,0.955314576625824,0.9167410135269165,0.16541695594787598,0.9564183950424194,0.9546617865562439
280,0.971792459487915,0.9460139870643616,0.10172203928232193,0.0,0.9718430638313293,0.9717923998832703,0.9550499320030212,0.9163219928741455,0.1660871058702469,0.9562929272651672,0.9542397260665894
281,0.9718151688575745,0.9460505247116089,0.10165337473154068,0.0,0.9719435572624207,0.9717344045639038,0.9552207589149475,0.9165778756141663,0.16565783321857452,0.9563053846359253,0.9545192718505859
282,0.9717901349067688,0.9460119605064392,0.1017189621925354,0.0,0.9720056653022766,0.9716240763664246,0.9552589654922485,0.9166826009750366,0.16550663113594055,0.9566462635993958,0.9544377326965332
283,0.9717119336128235,0.9458675384521484,0.10194333642721176,0.0,0.9718309640884399,0.9716408252716064,0.9557374715805054,0.9173629283905029,0.16437524557113647,0.9573156833648682,0.9545393586158752
284,0.9718275666236877,0.9460770487785339,0.10160467773675919,0.0,0.9718879461288452,0.9718124866485596,0.9548510909080505,0.9160950779914856,0.16648976504802704,0.9564500451087952,0.953850269317627
285,0.9717884659767151,0.9460079669952393,0.10170599073171616,0.0,0.9718873500823975,0.9717431664466858,0.9551917910575867,0.9164839386940002,0.16578911244869232,0.9565454721450806,0.9542858600616455
286,0.9717322587966919,0.945897102355957,0.10192476958036423,0.0,0.9718308448791504,0.9716824293136597,0.9554241299629211,0.9168345332145691,0.165199413895607,0.9569427967071533,0.9542512893676758
287,0.9717649817466736,0.9459683895111084,0.10178206115961075,0.0,0.971903920173645,0.9716766476631165,0.9554909467697144,0.9169604182243347,0.16497232019901276,0.9567925333976746,0.9546000361442566
288,0.9718322157859802,0.9460781216621399,0.10161715745925903,0.0,0.9719102382659912,0.9717987775802612,0.9556235074996948,0.9171748757362366,0.16463059186935425,0.956978440284729,0.9547139406204224
289,0.971756100654602,0.9459576606750488,0.10179629176855087,0.0,0.9717721939086914,0.9717896580696106,0.9556751251220703,0.9174506664276123,0.16431188583374023,0.956968367099762,0.9548090696334839
290,0.971828281879425,0.9460690021514893,0.10164456814527512,0.0,0.9719429612159729,0.9717685580253601,0.9553419947624207,0.9167406558990479,0.16538341343402863,0.9564914107322693,0.9545444846153259
291,0.9717464447021484,0.9459272027015686,0.1018494963645935,0.0,0.9718860387802124,0.9716585874557495,0.9555829167366028,0.9171189069747925,0.16474001109600067,0.9572450518608093,0.9543420672416687
292,0.971885085105896,0.9461689591407776,0.10142556577920914,0.0,0.9720487594604492,0.9717714786529541,0.9547392725944519,0.9159485697746277,0.1667744219303131,0.9562809467315674,0.9538155794143677
293,0.9718196988105774,0.9460631608963013,0.10158810764551163,0.0,0.9719339609146118,0.9717526435852051,0.955253005027771,0.9166758060455322,0.16550783812999725,0.9566301107406616,0.9543219804763794
294,0.9717453718185425,0.9459430575370789,0.10185552388429642,0.0,0.9718004465103149,0.9717455506324768,0.9554769992828369,0.917007565498352,0.16497190296649933,0.9567697644233704,0.9546262621879578
295,0.9717088937759399,0.9458643794059753,0.10193521529436111,0.0,0.971847414970398,0.971621036529541,0.9553527235984802,0.9167556166648865,0.16534578800201416,0.9570215940475464,0.9541301131248474
296,0.9717169404029846,0.9458804726600647,0.10190142691135406,0.0,0.971805989742279,0.9716765284538269,0.9549795389175415,0.9161536693572998,0.16630645096302032,0.9567579030990601,0.9536275863647461
297,0.9717331528663635,0.9459094405174255,0.10189716517925262,0.0,0.9719228148460388,0.9716010093688965,0.955064058303833,0.9163468480110168,0.16603514552116394,0.9569928050041199,0.9537416100502014
298,0.9717530608177185,0.9459410905838013,0.10184622555971146,0.0,0.9718226790428162,0.9717323184013367,0.9559165239334106,0.9176228642463684,0.16391374170780182,0.9576865434646606,0.9545845985412598
299,0.971704363822937,0.9458686113357544,0.10194870084524155,0.0,0.9718584418296814,0.9716031551361084,0.955161452293396,0.9164950847625732,0.16580237448215485,0.9567847847938538,0.9539831876754761
300,0.9717240333557129,0.9459070563316345,0.10190531611442566,0.0,0.9718194007873535,0.9716851115226746,0.9552754163742065,0.9166064858436584,0.1655680537223816,0.9565596580505371,0.9543909430503845
301,0.9717166423797607,0.9458946585655212,0.10190978646278381,0.0,0.9718050360679626,0.971677303314209,0.9553197622299194,0.9168271422386169,0.16531187295913696,0.9568482041358948,0.9541838765144348
302,0.9716611504554749,0.9458111524581909,0.10207191109657288,0.0,0.9718196988105774,0.971553385257721,0.9553885459899902,0.916782557964325,0.16526949405670166,0.9566999673843384,0.9544636011123657
303,0.9717004895210266,0.9458592534065247,0.10195955634117126,0.0,0.9717519879341125,0.9716981053352356,0.9556264877319336,0.917130708694458,0.1646781712770462,0.9569993019104004,0.954609751701355
304,0.9716744422912598,0.9458051323890686,0.10206752270460129,0.0,0.9717909097671509,0.9716137051582336,0.9556116461753845,0.9171997904777527,0.16460853815078735,0.9567395448684692,0.9549764394760132
305,0.9717118144035339,0.9458706974983215,0.10193494707345963,0.0,0.9718238711357117,0.9716460704803467,0.9554789662361145,0.9169182777404785,0.16505283117294312,0.956832230091095,0.9545257091522217
306,0.9717384576797485,0.9459154605865479,0.10188770294189453,0.0,0.9718253016471863,0.9717048406600952,0.9549753665924072,0.9161962866783142,0.16628409922122955,0.9565325379371643,0.9538746476173401
307,0.9716542363166809,0.9457866549491882,0.10204610973596573,0.0,0.9717699885368347,0.9715893864631653,0.9555835127830505,0.9171262979507446,0.16473165154457092,0.9570910334587097,0.9544065594673157
308,0.9716552495956421,0.9457823634147644,0.10210554301738739,0.0,0.9717082977294922,0.9716549515724182,0.954551100730896,0.9155430793762207,0.16736318171024323,0.9559558033943176,0.9536590576171875
309,0.9717018008232117,0.9458669424057007,0.10191477835178375,0.0,0.9718421697616577,0.9716107845306396,0.9553051590919495,0.9166691303253174,0.1654888093471527,0.9569596648216248,0.95414799451828
310,0.9715613722801208,0.9456217885017395,0.102338507771492,0.0,0.9716795086860657,0.9714910387992859,0.9556774497032166,0.9172965884208679,0.16445976495742798,0.9569979906082153,0.9546827077865601
311,0.9718958139419556,0.9461944103240967,0.1014372855424881,0.0,0.9720116853713989,0.9718281030654907,0.9553206562995911,0.916747510433197,0.16539433598518372,0.9567731022834778,0.9542768001556396
312,0.9717126488685608,0.9458854794502258,0.10189367830753326,0.0,0.9718540906906128,0.9716251492500305,0.9551671147346497,0.9166077971458435,0.1656641662120819,0.9561654925346375,0.9545420408248901
313,0.9716906547546387,0.9458375573158264,0.10200806707143784,0.0,0.971851646900177,0.9715848565101624,0.9548555612564087,0.9161010384559631,0.16650079190731049,0.9565643668174744,0.9536053538322449
314,0.9716914296150208,0.9458470344543457,0.10198140144348145,0.0,0.9718629717826843,0.9715703129768372,0.9556505084037781,0.9172506928443909,0.16453427076339722,0.9570283889770508,0.9546133279800415
315,0.9716930985450745,0.9458351731300354,0.10201197862625122,0.0,0.9717811346054077,0.971653163433075,0.9551443457603455,0.9164465069770813,0.16584159433841705,0.9564909338951111,0.9541867971420288
316,0.9718821048736572,0.9461719393730164,0.10147613286972046,0.0,0.9720019102096558,0.9718109369277954,0.9554152488708496,0.9168776869773865,0.1651494950056076,0.9567668437957764,0.9544933438301086
317,0.9718498587608337,0.9461204409599304,0.10155801475048065,0.0,0.971913754940033,0.9718326926231384,0.9554471969604492,0.9168792366981506,0.1651243269443512,0.956560492515564,0.9546860456466675
318,0.9718355536460876,0.9460934400558472,0.10156533122062683,0.0,0.9719501733779907,0.9717689156532288,0.9549484252929688,0.9161504507064819,0.16635893285274506,0.9565770030021667,0.9537114500999451
319,0.9717085957527161,0.9458675384521484,0.10193758457899094,0.0,0.9718659520149231,0.9716016054153442,0.9549471735954285,0.9161404371261597,0.16635937988758087,0.9563290476799011,0.953987717628479
320,0.9718112349510193,0.9460403919219971,0.10164806246757507,0.0,0.9719253182411194,0.9717453718185425,0.9552850723266602,0.9166083335876465,0.16553829610347748,0.9567644000053406,0.9541715979576111
321,0.9718266129493713,0.9460655450820923,0.10163122415542603,0.0,0.971960186958313,0.9717423915863037,0.9554624557495117,0.9170128703117371,0.16497041285037994,0.9570357799530029,0.9542624950408936
322,0.9717669486999512,0.9459754228591919,0.10173721611499786,0.0,0.9718581438064575,0.9717239737510681,0.9555647969245911,0.9171457290649414,0.16474133729934692,0.9567117691040039,0.9548174142837524
323,0.9718775749206543,0.946153998374939,0.10146227478981018,0.0,0.9720064401626587,0.9718025326728821,0.955303430557251,0.9167298674583435,0.1654120534658432,0.9567208886146545,0.9544427394866943
324,0.9717397093772888,0.9459208846092224,0.10184171795845032,0.0,0.9718377590179443,0.9716911315917969,0.9556500911712646,0.917193591594696,0.16459119319915771,0.9570214152336121,0.9546969532966614
325,0.9717347025871277,0.9459121823310852,0.10185914486646652,0.0,0.9719125032424927,0.9716031551361084,0.955895721912384,0.9175936579704285,0.16394540667533875,0.957474946975708,0.9546265006065369
326,0.9717804789543152,0.9459944367408752,0.10175850242376328,0.0,0.9719344973564148,0.9716798067092896,0.9556101560592651,0.9171750545501709,0.16465561091899872,0.9572338461875916,0.9543958306312561
327,0.9716801047325134,0.9458228945732117,0.10198715329170227,0.0,0.9718392491340637,0.9715709090232849,0.9559581875801086,0.9176840782165527,0.16380713880062103,0.9576249718666077,0.9547295570373535
328,0.9716141223907471,0.94571852684021,0.1022292971611023,0.0,0.971764087677002,0.9715147018432617,0.9557934999465942,0.9174535274505615,0.16423392295837402,0.9573555588722229,0.9546389579772949
329,0.9716458916664124,0.9457757472991943,0.10206509381532669,0.0,0.9717479944229126,0.9715994000434875,0.9553322196006775,0.9167799353599548,0.16532456874847412,0.9566261768341064,0.9544318914413452
330,0.9717015624046326,0.9458523392677307,0.10194472968578339,0.0,0.9718358516693115,0.9716154932975769,0.9557808041572571,0.917407751083374,0.16424871981143951,0.9567621350288391,0.9551753997802734
331,0.9716858267784119,0.9458281993865967,0.10202009230852127,0.0,0.9718078970909119,0.9716187715530396,0.955786943435669,0.9174177050590515,0.1642204374074936,0.9573495388031006,0.9545899629592896
332,0.9716501832008362,0.9457632899284363,0.10208843648433685,0.0,0.9718093276023865,0.9715498089790344,0.9553724527359009,0.9168597459793091,0.16520895063877106,0.956915557384491,0.9542872309684753
333,0.9718137979507446,0.9460506439208984,0.10162339359521866,0.0,0.9719378352165222,0.9717387557029724,0.9546748399734497,0.9158034324645996,0.16697776317596436,0.9562475085258484,0.9535987377166748
334,0.9717904329299927,0.9460199475288391,0.10165014117956161,0.0,0.9718778729438782,0.9717591404914856,0.9554198980331421,0.9167965650558472,0.16523319482803345,0.9569658041000366,0.9541741609573364
335,0.9716836214065552,0.9458345174789429,0.10199055075645447,0.0,0.9718459248542786,0.9715743660926819,0.955652117729187,0.9172408580780029,0.1645471155643463,0.9570820331573486,0.9546329975128174
336,0.9716852307319641,0.9458317160606384,0.10200461000204086,0.0,0.9717850685119629,0.9716373085975647,0.9543887972831726,0.9154866933822632,0.16757825016975403,0.9559252262115479,0.9533216953277588
337,0.9718245267868042,0.9460685849189758,0.10166748613119125,0.0,0.9718691110610962,0.9718308448791504,0.9559426307678223,0.9176419377326965,0.1638520210981369,0.957545816898346,0.9547386765480042
338,0.9718170166015625,0.9460659027099609,0.10163888335227966,0.0,0.9719687700271606,0.9717166423797607,0.9556719064712524,0.9172472357749939,0.16454115509986877,0.9568185806274414,0.9549764394760132
339,0.9718024730682373,0.946035623550415,0.10164570063352585,0.0,0.9719182848930359,0.9717376828193665,0.9551324844360352,0.916446328163147,0.16587242484092712,0.9567239284515381,0.9540348052978516
