Image_name,mIoU,Precision,Recall,F1-score(Dice-score),F2-score
Image 1,0.782645566746991,0.849593887058922,0.878425529277677,0.861358072080294,0.87084378202328
Image 2,0.765517202892497,0.863047221465558,0.820938471658672,0.827414777216543,0.821685237371485
Image 3,0.78044401293131,0.901530389775849,0.841177320260938,0.864413195928069,0.849309515740688
Image 4,0.635822559334663,0.738675356946241,0.752634744858381,0.722883876354828,0.732244732710983
Image 5,0.601648797423633,0.724459244834078,0.701641713244373,0.694327791203686,0.696331885269441
Image 6,0.719555451899902,0.813845221106945,0.796333655032603,0.802069675648685,0.798079180357236
Image 7,0.777967380161412,0.871089479253861,0.861687899300781,0.865542310149617,0.863043552207346
Image 8,0.641885618331649,0.741375295310467,0.772838296644956,0.742052533050109,0.755112084295239
Image 9,0.699585313066527,0.781325829117237,0.817493577192819,0.796342732510828,0.808132176358803
Image 10,0.719977914540998,0.828475596519403,0.808481989726002,0.817964678431243,0.812159760273216
Image 11,0.647884238194315,0.740555462639558,0.853202863893074,0.744618928035716,0.775177012225934
Image 12,0.568267642817609,0.660270182129368,0.732726715086228,0.665212334798135,0.687558662717779
Image 13,0.74198722711686,0.889224206608928,0.78901274706309,0.805630551422952,0.793370161221183
Image 14,0.602334788542039,0.761677859426309,0.730670674937858,0.701870860745532,0.707180987467811
Image 15,0.678056681399771,0.789765278284427,0.786138899929216,0.760574395104195,0.769945296187751
Image 16,0.625308710141829,0.717701437830912,0.769079793158421,0.726884386684319,0.744742943284746
Image 17,0.594604982611354,0.763520115574089,0.662122296208473,0.701659803888212,0.676070846206861
Image 18,0.624064326420042,0.782650302780599,0.71021225435618,0.733370295264683,0.717574290254453
Image 19,0.665347533011206,0.76869790944348,0.805967057109576,0.774046348821528,0.788656097791686
Image 20,0.682670052097467,0.797702506343641,0.756680970342172,0.771357053537056,0.761417517743156
Image 21,0.794029392901401,0.875890257968926,0.848230137522677,0.859332608243001,0.852169234563822
Image 22,0.732554703560621,0.868470338687601,0.791645807754534,0.822769348598491,0.802767377989249
Image 23,0.734968821871499,0.83393589550087,0.821217171797876,0.825478245999538,0.822478463773243
Image 24,0.727374403929193,0.845386211349172,0.796373672613388,0.819009980632962,0.805023221768704
Image 25,0.763079377105601,0.893173902720759,0.796064971741468,0.828046536262312,0.806859025154878
Image 26,0.726024209818414,0.828917018879143,0.834379190889177,0.831339642909107,0.83308565280389
Image 27,0.734822092606791,0.865124877292491,0.797421269602603,0.826874632186218,0.808319981793456
Image 28,0.68743905253994,0.820618996984685,0.776197786481377,0.78868275607445,0.779362509928801
Image 29,0.715784842896743,0.793537806638142,0.865372625589058,0.803266290932777,0.827842154840015
Image 30,0.650099664846948,0.875455765445696,0.706504796795347,0.747119194117794,0.718040660686329
Image 31,0.759608179328166,0.843950579416984,0.837961157737084,0.83886318208668,0.837897263993249
Image 32,0.694111863377003,0.79045778315811,0.830499764285174,0.80686093704154,0.820123667655754
Image 33,0.797694829763755,0.910191335666627,0.845022248339932,0.872457879354711,0.855039583580235
Image 34,0.722631837384423,0.845860271564654,0.80081232564685,0.818856313531794,0.807125820368809
Image 35,0.721122458767244,0.79672693715904,0.827997656563169,0.809707661978251,0.819918224805213
Image 36,0.692952433419736,0.84981294243278,0.782717479079879,0.789351355342346,0.781162929903695
Image 37,0.718818426389793,0.826744004955769,0.81129114546925,0.818257173472312,0.813906159352902
Image 38,0.665038714776627,0.857429834483876,0.756776938191104,0.761611997983659,0.755599156127988
Image 39,0.640001222644715,0.734136479633696,0.767601986085211,0.729021520488358,0.739514646396514
Image 40,0.593983236769961,0.65113001201124,0.770055929108944,0.680235936714945,0.713857188403255
Image 41,0.558593292335557,0.668568152056401,0.664474735474747,0.645239298738901,0.642147018593842
Image 42,0.784959318058741,0.840983978608088,0.870168738789437,0.854717267044545,0.86376193301838
Image 43,0.699522825226074,0.843689868198217,0.775833124682005,0.805390929088433,0.786807993913965
Image 44,0.756702943756408,0.839784436594674,0.845334712235761,0.838398579925069,0.841587471509703
Image 45,0.771784572535241,0.893830698360735,0.833335416423893,0.857603649575395,0.842015969376515
Image 46,0.695706736793939,0.905729027677345,0.750675442190583,0.779416653248548,0.758947800585811
Image 47,0.734230201488411,0.84841842584614,0.806941115695158,0.824171804787712,0.813136500823862
Image 48,0.625145964317571,0.716867593147779,0.688173365944438,0.695463395478492,0.689955424656216
Image 49,0.71982250265396,0.850944630935389,0.787845725623344,0.813200525141146,0.796829156847103
Image 50,0.787557299877689,0.858781992484751,0.892939837023542,0.874326724396096,0.885088219208912
Image 51,0.688368428128972,0.819699490848276,0.779164254277682,0.788247251526191,0.781235645031221
Image 52,0.661134373102025,0.8297424865529,0.758788274985663,0.775619972626775,0.762245486834647
Image 53,0.492944444119292,0.623727650292603,0.55486315594455,0.566647952901547,0.551914899458492
Image 54,0.627161659010784,0.787647381906787,0.754730018381733,0.75397061681763,0.751625781537577
Image 55,0.594513871037153,0.765302689477489,0.706103086321275,0.725110794201741,0.711700202684003
Image 56,0.650861528524205,0.788979831139754,0.765936811892074,0.762502619523864,0.76093378593943
Image 57,0.692977877691049,0.793535124613224,0.78711129876217,0.787848427941701,0.786921996479796
Image 58,0.728715873941973,0.860259236213475,0.802345275339965,0.822923131777305,0.809000833161688
Image 59,0.63162031376302,0.769168460462736,0.721364184633466,0.731273577037487,0.723594274327914
Image 60,0.645124051483516,0.747828981553419,0.775492657290012,0.745728129951698,0.759788018446512
Image 61,0.649574688409453,0.775527682023273,0.754340934608878,0.763597076843472,0.757750421185413
Image 62,0.758824404499902,0.88978789421116,0.821310857617877,0.849228108826751,0.83136363246974
Image 63,0.731495006049472,0.885225356667938,0.78509772582324,0.819507758721576,0.796718932966592
Image 64,0.823765821469993,0.922827144717586,0.872759318134002,0.894004409907559,0.880536106412475
Image 65,0.761109403540072,0.826835431938367,0.880076340292787,0.84932491437511,0.866506306444777
Image 66,0.692085064811546,0.837210176944046,0.776648805678538,0.801394932562751,0.785533079007732
Image 67,0.617017343340837,0.767028208297922,0.716712020253859,0.729019442263811,0.719581459062721
Image 68,0.651782692755097,0.770488508382685,0.730835781312199,0.74413191078138,0.735217726277543
Image 69,0.63779130375433,0.779452480167702,0.758688878188821,0.754635219542956,0.754124473991015
Image 70,0.733197146645561,0.835681943198227,0.81736104858379,0.823060097273899,0.818916324574315
Image 71,0.683781107434987,0.840408179226137,0.755565985439247,0.787576702974516,0.766735909972174
Image 72,0.5923420630519,0.697690680323208,0.723253659611083,0.689436772112196,0.70386786543097
Image 73,0.589785219081506,0.687844488751132,0.710325070009259,0.691815382724242,0.7008652482282
Image 74,0.734877602058327,0.827858286859205,0.838116143748928,0.830357590369516,0.834324143633572
Image 75,0.664110116064977,0.81946269655203,0.75056502740711,0.777919895626467,0.760190565939696
Image 76,0.709747961808724,0.85239865390041,0.797051761460064,0.818543078727912,0.804438504257636
Image 77,0.785104585419617,0.864403496555144,0.863571731456054,0.863887807954847,0.86367425977242
Image 78,0.657185877672826,0.728556781269525,0.841730160900604,0.755706698202535,0.791892585808607
Image 79,0.724871173332798,0.819154513503346,0.835250628609403,0.82507756578459,0.830658452138641
Image 80,0.779395043961011,0.877935237081826,0.869217110257417,0.870079553979669,0.868735045715103
Image 81,0.725151790094431,0.83525764334917,0.806466689186072,0.818110725991494,0.810545968999258
Image 82,0.768662711787507,0.877674946787876,0.834783790447206,0.853014393128526,0.841456815663285
Image 83,0.723814529180365,0.841444084502874,0.798196606999907,0.808629523091091,0.800721448000271
Image 84,0.672180883102776,0.778526250170549,0.794510739425758,0.771702046113471,0.781191024066136
Image 85,0.760990298795022,0.846126961704341,0.874611390965327,0.85521760162311,0.865300481712575
Image 86,0.564106072838561,0.675944919912574,0.671551537053453,0.670366023020421,0.670270676062019
Image 87,0.633160364126522,0.776923144387312,0.714249477774392,0.737047345961986,0.72210888967226
Image 88,0.688193850324976,0.817122962729729,0.756170698903871,0.779094134654646,0.764177945502278
Image 89,0.739608508647931,0.8590579190007,0.806698949797236,0.829176811716476,0.81501007767135
Image 90,0.705972980632529,0.876352204569428,0.755816647695708,0.780757757735778,0.763304868887351
Image 91,0.695893075131553,0.851539051039549,0.778166132545843,0.797468141842054,0.783766275156377
Image 92,0.674956175134057,0.769858349649842,0.76775516980197,0.764702140768417,0.765565116491657
Image 93,0.675525550157061,0.811431284700495,0.782578639902153,0.79292563505589,0.785842775795525
Image 94,0.826419810724276,0.9008411261655,0.880640166188201,0.889683240258027,0.884031497308493
Image 95,0.77842576354562,0.908473005482255,0.826278966313171,0.852775919908106,0.83480242967935
Image 96,0.793890792784822,0.885869223360042,0.85797204407716,0.867024728363973,0.860701643570779
Image 97,0.720405365546436,0.829813254132924,0.811689061204233,0.815349670593168,0.811903715794615
Image 98,0.760476687790571,0.828996519746565,0.86171298166642,0.842895350401516,0.853472266536495
Image 99,0.590659906965225,0.731155535959288,0.683834157948678,0.684321533955707,0.681350213151205
Image 100,0.614043346392601,0.756644931914824,0.71536053687053,0.725833137368338,0.717986366278226
Image 101,0.575385049402589,0.775510428231552,0.728247923176826,0.715950997438165,0.715732372488147
Image 102,0.718259214525371,0.865300099304367,0.788404995759757,0.821201045313832,0.800421453155526
Image 103,0.734864589094567,0.832161899233178,0.812147916776615,0.816434252046017,0.812889923699558
Image 104,0.700600108993412,0.833484388033447,0.788057234309766,0.79166522939539,0.786496183221556
Image 105,0.698984803115376,0.794421015185594,0.821454708690192,0.795121454558482,0.806758658853832
Image 106,0.706957360297916,0.788066908994248,0.812360853240509,0.784070058323029,0.796998951085336
Image 107,0.710037743723467,0.800004915353452,0.830206802137964,0.809964829491691,0.820746228412328
Image 108,0.756057568228379,0.896874020027374,0.815017221459939,0.841283285025829,0.823559480961245
Image 109,0.763955065784052,0.885324138295876,0.830866165244223,0.853550733631268,0.839092300628814
Image 110,0.772552921324543,0.899266518428162,0.828368080581922,0.856912853822124,0.838599168277508
Image 111,0.727768748552097,0.835868594573961,0.813222491918425,0.820413649240156,0.815316943598255
Image 112,0.642840686454896,0.71937696957567,0.745246146291691,0.723014879887085,0.733460599476212
Image 113,0.652555411013335,0.768464963348397,0.757682836946774,0.748063730086981,0.750183271349377
Image 114,0.691903369253902,0.807993363258815,0.729358488167025,0.749831066630683,0.735957382027419
Image 115,0.698078875234257,0.843809095274579,0.757058501075277,0.787659473025761,0.76731688879994
Image 116,0.722349859885161,0.834409285460102,0.826994832214915,0.822334021659602,0.823319755384469
Image 117,0.718662261467457,0.841158653391633,0.809951296639732,0.822781892373411,0.814511637684105
Image 118,0.733748711381068,0.852264292018326,0.810567288560173,0.829227419392316,0.817572871578629
Image 119,0.737724283730257,0.811861056784048,0.871027222731906,0.829275725170463,0.84968860869992
Image 120,0.794580056413243,0.892560658622663,0.855214543791536,0.870645317009095,0.860739677226665
Image 121,0.745081523547094,0.861079779488263,0.813234164493397,0.833721771458127,0.82074433988237
Image 122,0.70378825877491,0.833476461713648,0.748342561234645,0.778627399742429,0.758606735655865
Image 123,0.720980789199057,0.836954311442123,0.803261655964212,0.817123437447814,0.808241350124531
Image 124,0.674419559408023,0.822583705639041,0.783239295811313,0.783712176996991,0.780674509745768
Image 125,0.78879421234338,0.867070156958932,0.868719196592347,0.867835276264861,0.868351156358143
Image 126,0.67000525568197,0.749208942508403,0.771634077676421,0.757381286418784,0.765099113396626
Image 127,0.631486592780175,0.796359834780915,0.74835246173819,0.736685873506174,0.739871647637209
Image 128,0.803422302027074,0.893906148390936,0.868573202352926,0.874490464515171,0.869733588631936
Image 129,0.792516480339656,0.857543316709427,0.869164522527075,0.863033427305549,0.866631262801799
Image 130,0.77635674347982,0.844392919211558,0.901184479619739,0.863189696399549,0.882683716218868
Image 131,0.679463501938485,0.789893857386559,0.748506177580538,0.742992656545057,0.744935196245275
Image 132,0.688217234044634,0.762672421305153,0.817687641647187,0.786631003838366,0.80424885276487
Image 133,0.681933114557738,0.817069631973063,0.762883970071564,0.779688336834571,0.768187840971037
Image 134,0.602942671739881,0.75206879025621,0.632630494020188,0.659748482769566,0.640703191363054
Image 135,0.608254754160159,0.697226200263701,0.721742144028685,0.688521966818111,0.699941142236549
Image 136,0.578595611612289,0.654149850182826,0.678532720478699,0.640073613798822,0.646391266794875
Image 137,0.720892972028133,0.839492949168613,0.802810775376998,0.819622838870269,0.809210562723474
Image 138,0.677398948346228,0.87051587948043,0.752666658108624,0.796389220163597,0.767401529653723
Image 139,0.610786390257996,0.758401991731869,0.771238237744558,0.718823153814606,0.73094134265092
Image 140,0.796921103016346,0.906971244016279,0.861207275813243,0.876170963721392,0.865820228108441
Image 141,0.544338894498837,0.709053758655096,0.673841141275987,0.650090522306433,0.661322908000868
Image 142,0.67488284657328,0.804928634627656,0.762517495393501,0.774469625513988,0.765914580054077
Image 143,0.6021341384024,0.718853715397503,0.770718917552672,0.715709704405904,0.74125465111767
Image 144,0.689242106484105,0.790725381916089,0.814824366756351,0.797380733894877,0.806368049602302
Image 145,0.734046610282131,0.869500401312291,0.815375286598922,0.83969461580029,0.824524295141295
Image 146,0.634197005872765,0.738025194318288,0.719322735954711,0.716707627280628,0.714902365783729
Image 147,0.621523147186643,0.713458648009189,0.762690480647853,0.727244314819528,0.744600220056373
Image 148,0.686648442724408,0.782287101548225,0.807426030942449,0.790704321007123,0.799685266058049
Image 149,0.630552943079,0.775163546662762,0.71451022421291,0.736628732818565,0.722093925988088
Image 150,0.772417855783855,0.899939089945799,0.843781841209882,0.856313987684887,0.846431667980891
Image 151,0.784506371003677,0.908777044352973,0.84023189305978,0.86766746495102,0.849981192878719
Image 152,0.755856918109491,0.880271132461918,0.829247330390274,0.841669882086408,0.832051631967003
Image 153,0.596478550083804,0.691210639196741,0.713925965372282,0.696877761404211,0.705474835021165
Image 154,0.720418391216428,0.815269749311243,0.833414566729536,0.81422867353886,0.822870926410845
Image 155,0.803198668630881,0.926881642245759,0.840325445857794,0.865190633330983,0.848097407478557
Image 156,0.665483627221872,0.751755716108567,0.783570630015125,0.761319311989183,0.77267799465862
Image 157,0.656560561251429,0.785645665654943,0.777850133225256,0.768937767889504,0.771815741288386
Image 158,0.723824257031678,0.898439640395349,0.781611612069046,0.819568510950644,0.793627915385189
Image 159,0.685285204535082,0.78871363702718,0.761135792799368,0.757695242763165,0.758138576171013
Image 160,0.640983153244765,0.79264897818267,0.760598710073165,0.744057503000534,0.749695087759285
Image 161,0.700013538162438,0.807054786939854,0.808553912272687,0.798502561560245,0.801971686125628
Image 162,0.553658670529144,0.685500758771173,0.711538878608849,0.651465827503714,0.657334315340721
Image 163,0.666551947711622,0.774016247815491,0.774930962946815,0.769964716898496,0.771857679198153
Image 164,0.716646203310412,0.853702290548899,0.799178765483187,0.819324704585884,0.805882685739937
Image 165,0.707131492106283,0.788339265657378,0.779480260074228,0.783237795875691,0.780836966212188
Image 166,0.643487691467468,0.718216156458531,0.745458369714041,0.717380105428698,0.729471835998436
Image 167,0.680485397856687,0.749904789620636,0.802999327497136,0.753182555826423,0.770851956063854
Image 168,0.779453163331932,0.858469833115815,0.84690328922487,0.849812335011792,0.847415674081709
Image 169,0.762950741929473,0.876085605506852,0.81760569641563,0.838006765332939,0.824371005939933
Image 170,0.738926680086765,0.861477972564726,0.808362245982822,0.829515724246194,0.815905304321937
Image 171,0.669525319492872,0.828989011933215,0.759676832536025,0.75831406001206,0.756212073401108
Image 172,0.681653596255722,0.734198621626254,0.740594980054649,0.7347658399691,0.737975596080955
Image 173,0.625205311334356,0.760717636870645,0.688460961010371,0.713358656399169,0.696824404841055
Image 174,0.607342609364279,0.718787562578155,0.784943900599753,0.718147569642239,0.746372540715183
Image 175,0.653263168460226,0.781848664229404,0.785891584543109,0.773940748452023,0.778851892197201
Image 176,0.547454107735757,0.71874484209623,0.693048356353197,0.665030930487671,0.67382935768988
Image 177,0.636139584753012,0.746038508035441,0.812131107418385,0.753874271265323,0.780289010965652
Image 178,0.631344716565147,0.741334526557978,0.723299906593566,0.704786739635834,0.696487715023404
Image 179,0.720848587696259,0.909342377413276,0.774171322739709,0.823545220458721,0.790885577131785
Image 180,0.759722903921214,0.84584580127003,0.841213213137985,0.843346969437491,0.842025024675078
Image 181,0.687021021972788,0.80884325729007,0.781543437252959,0.772879851571638,0.775424153763965
Image 182,0.699468243252824,0.749141944980498,0.77993718534194,0.762233723326699,0.772275797864332
Image 183,0.720452158087645,0.831990818570211,0.793172277777789,0.80377066401476,0.795831309540178
Image 184,0.68526650124259,0.80314449641897,0.762654043048456,0.773603443029741,0.765487720777437
Image 185,0.721887986918735,0.88872799630691,0.775787454291822,0.817372790669371,0.790213495763466
Image 186,0.653497235859179,0.759998744542277,0.797655208304712,0.752137432021682,0.768949046798677
Image 187,0.722396558126357,0.853060334953589,0.799524832479123,0.806355213283477,0.799972977880292
Image 188,0.776344065551065,0.900289259560249,0.839755787938252,0.863607894593497,0.848185171697003
Image 189,0.683201110025447,0.798969247087042,0.759180756722076,0.761742811561311,0.758344017572544
Image 190,0.780571769990941,0.895540855854852,0.838618398311779,0.861656390739281,0.846794973513583
Image 191,0.743630280524739,0.849282869969676,0.824090553361439,0.833845856589516,0.827446881905821
Image 192,0.730162195310676,0.839501845910011,0.810855515765942,0.822601899208564,0.815014380095965
Image 193,0.683888222850852,0.840172846695163,0.769702661517466,0.774319307759746,0.768657749389195
Image 194,0.637102288907633,0.756221955378036,0.745787361182054,0.750691227647149,0.747676088922568
Image 195,0.69389335199749,0.865529419450495,0.769393241775358,0.808920900995305,0.783670545021884
Image 196,0.612592659539853,0.821986698782031,0.680976874392969,0.727733654610362,0.696707812294432
Image 197,0.646717716451719,0.756575059745424,0.725075579022605,0.731044358762113,0.72633448433772
Image 198,0.657883813952325,0.786529027470148,0.746324933228445,0.75831267873437,0.749916725084769
Image 199,0.631501943209583,0.766656308657547,0.731618888440023,0.729827964548424,0.728578558372347
Image 200,0.640165109296719,0.776832041156102,0.744940989929527,0.742942203918943,0.741656091374089
Image 201,0.740456120402265,0.883606603393571,0.771346964627018,0.801649963579945,0.78091533181183
Image 202,0.729699645359486,0.796375115987839,0.800538122435139,0.797291873834076,0.798942356811719
Image 203,0.60148335155232,0.665275070954733,0.753829894315343,0.684792928444269,0.714789550639192
Image 204,0.666387487566132,0.779070329699887,0.741436602559811,0.758176609898254,0.747712303047768
Image 205,0.694845175788766,0.816960188790174,0.78104110190779,0.794900638461729,0.785848174440183
Image 206,0.813567635877651,0.919572236072394,0.860428826999878,0.884333172319318,0.868982290109148
Image 207,0.591492721208526,0.690014322930917,0.745407044642856,0.684610909283268,0.699312783855595
Image 208,0.546072912952902,0.825035854420221,0.600564411961509,0.655444905259695,0.617085938804952
Image 209,0.58901456141679,0.676321532132848,0.649555694145746,0.643584953446315,0.645438914064256
Image 210,0.640181751513404,0.808780670414473,0.689143451494283,0.735551228902256,0.705513743306857
Image 211,0.712379467876198,0.788873339825017,0.825547544188307,0.805293796147454,0.816934493457783
Image 212,0.735993030343855,0.816667321000208,0.803762878468077,0.806655626197849,0.804308383362932
Image 213,0.737139285380303,0.779241099303414,0.805210530331586,0.790709512684799,0.798955202566769
Image 214,0.68410654183273,0.81492564731004,0.741814708955405,0.765411908217435,0.749145634516735
Image 215,0.582089118002046,0.697014443675581,0.667302799341627,0.675484094549249,0.669425800287513
Image 216,0.64894820370649,0.76092075204285,0.771865056838934,0.757076903709046,0.763882495307553
Image 217,0.740248083100386,0.840075526288346,0.804120893391093,0.80926475269879,0.804509406088755
Image 218,0.774796097622601,0.880465274308434,0.854696189363038,0.866264956054949,0.859033414229899
Image 219,0.719526179710805,0.8514064815789,0.800048928407379,0.813456907445389,0.803721137030045
Image 220,0.752763217454905,0.858823915432792,0.834569785530047,0.84620093190525,0.83910818551286
Image 221,0.710272377483877,0.788852233350669,0.831181224553657,0.80264621300793,0.817226401708456
Image 222,0.575368864227163,0.676454645495908,0.695018309008739,0.641793333763775,0.654412600255321
Image 223,0.693936595416033,0.781578937751939,0.765385178631896,0.772029675070183,0.767750283142503
Image 224,0.779780802531157,0.867221082093451,0.850405077391049,0.85774004214061,0.853110577029479
Image 225,0.631520821635773,0.697859863784372,0.808204297685264,0.682879690686073,0.68301869800194
Image 226,0.779464360957201,0.894490059017817,0.826816328748143,0.852538860826781,0.835842407280265
Image 227,0.73118419804638,0.839727716417009,0.792985370737701,0.807707228540842,0.797702546885737
Image 228,0.683882469498604,0.83766432861974,0.765316247625483,0.790822287711846,0.773635009144601
Image 229,0.710938468249739,0.810325456441078,0.807562383851637,0.808500361715331,0.807831355467348
Image 230,0.632651586211678,0.705467675977887,0.72234504510998,0.711523067555869,0.717479432018671
Image 231,0.328146428727662,0.489175044502299,0.404376034589831,0.41904221112885,0.406872034623029
Image 232,0.531842388070714,0.599878131064133,0.6062245318756,0.593225336483449,0.597626020562801
Image 233,0.688668327595796,0.824581837612774,0.73047599694629,0.743815509409295,0.734020197506478
Image 234,0.633316315585909,0.717429090669362,0.725221529547991,0.698146450696637,0.700818946023576
Image 235,0.654150557655986,0.806601307592535,0.730214536589301,0.753280926870098,0.737381505744681
Image 236,0.766410376670036,0.866103144974655,0.838418624603679,0.848622170130908,0.841745455090932
Image 237,0.921281041159276,0.962959884891657,0.953792026272002,0.958265749247904,0.95555578768957
Image 238,0.714693548317303,0.846234507830355,0.757525283942459,0.783797037018996,0.766142966035578
Image 239,0.624205186427141,0.729867273640774,0.767117189612662,0.734818215618731,0.750828809779778
Image 240,0.737548820418844,0.870957721274409,0.793943042015695,0.824700604537728,0.804919978420068
Image 241,0.800481118421921,0.881270969433884,0.849977307149956,0.863071152746627,0.854744270585258
Image 242,0.716806101315668,0.851179831851888,0.784784979302652,0.794950294952361,0.786672682167415
Image 243,0.585820683304856,0.774243088939656,0.705885482249778,0.710942480246825,0.702825951959613
Image 244,0.770343689515118,0.902828340921391,0.80441437196878,0.836602065605503,0.815124619418419
Image 245,0.762497203857064,0.873556153337943,0.839538307630335,0.847566148041482,0.841199052986236
Image 246,0.619476759040899,0.753025794851776,0.772353669181985,0.724964659258165,0.743958180185264
Image 247,0.607797845808877,0.695435861042891,0.737628478668408,0.693496253363167,0.708911580362004
Image 248,0.676766873717568,0.772451982675386,0.827472615479793,0.787385996126725,0.807600425918048
Image 249,0.716594223700864,0.797124750236115,0.740052025766576,0.749182470560951,0.742606936038217
Image 250,0.619504361661654,0.741335172204474,0.678748204056621,0.701621709541062,0.686450193361432
Image 251,0.718249602778421,0.883400712328706,0.767382310250922,0.815037210010026,0.784591507259687
Image 252,0.738324686845823,0.79171634115953,0.881855174879014,0.829344919991733,0.858505732863015
Image 253,0.605784507113856,0.785651472775077,0.731885737310715,0.738150912443345,0.731068508568002
Image 254,0.710812803639779,0.854677645661205,0.778465712934931,0.803205228418775,0.786601665577421
Image 255,0.64620659475137,0.771843266050115,0.708197846181897,0.731995029629519,0.716407480316343
Image 256,0.662156471414357,0.758368213810016,0.779656417558664,0.760097647074283,0.768806091269422
Image 257,0.739126978314051,0.806755889853054,0.833970837086079,0.819240430989536,0.827782161683361
Image 258,0.677901073151313,0.771880369022785,0.819096432781028,0.776911504523676,0.795630602430691
Image 259,0.754149145661215,0.857674053430445,0.836630852625155,0.8446526765426,0.839347471952546
Image 260,0.654392511367006,0.848907516078571,0.724193585875631,0.751012217875631,0.731435685333057
Image 261,0.676730355564829,0.75868726817723,0.787334821077761,0.771506243498048,0.780604289488591
Image 262,0.72266115315828,0.864679248500742,0.762393033306806,0.785209270914012,0.769184158860213
Image 263,0.592646088645463,0.683806316701633,0.71413782857506,0.693983161983831,0.704542179382687
Image 264,0.791132073495413,0.898366620307991,0.850469047511538,0.870646847693331,0.857853128339565
Image 265,0.560673497090379,0.699819690879366,0.660425785757084,0.667967160316033,0.661760541748295
Image 266,0.649219048410897,0.749275933537926,0.77040210867891,0.746099604443336,0.757292142153003
Image 267,0.605576039615587,0.682481333457533,0.73253737405899,0.675519119378421,0.686736430774991
Image 268,0.81295256962156,0.864347673458443,0.880833368089584,0.872087212806304,0.877201348444453
Image 269,0.835003698637559,0.955896910888638,0.856213772293917,0.89141439936275,0.86817595847708
Image 270,0.695637238067279,0.788057916766522,0.83690760209684,0.77936014465295,0.801422791683895
Image 271,0.616524171000038,0.80012057126205,0.680035027842643,0.724322844424109,0.695218335678722
Image 272,0.728592657346023,0.810007338131941,0.820098468303045,0.811636786358867,0.815904957761344
Image 273,0.733493583431606,0.819733954592075,0.809413050181213,0.814404211610405,0.811370189817738
Image 274,0.688503460997609,0.756225792967868,0.794801331910248,0.77177376669433,0.784487830891617
Image 275,0.600365368187076,0.702901124277975,0.808857755644815,0.685721712123103,0.696253773322055
Image 276,0.620545185260523,0.666737792720474,0.704845481529998,0.675765587482353,0.685766035279486
Image 277,0.584103771088264,0.660263193788173,0.717258696322301,0.666764375339311,0.675494234066703
Image 278,0.723945909962562,0.790287490280006,0.900848046277516,0.825465040245297,0.862908407715726
Image 279,0.845994738951206,0.921243681513033,0.909895684964722,0.914617442507498,0.911566427043189
Image 280,0.773922268021441,0.872128423434141,0.839933893263023,0.854265774122006,0.845279873095635
Image 281,0.692046508773295,0.849774473745631,0.783925679191775,0.795908896389156,0.786161107164547
Image 282,0.873622205656029,0.951401479277374,0.911090417177903,0.930001636973266,0.918389592454046
Image 283,0.727439400457885,0.807975105116384,0.820278074194583,0.812141711116104,0.816525528265339
Image 284,0.739898068099907,0.81842389608861,0.846948523841989,0.826802657337121,0.837142639434722
Image 285,0.563374338363218,0.804897342423382,0.715462013336341,0.720699955458509,0.709946300492955
Image 286,0.503012973129232,0.685436914844271,0.744250564045388,0.65434612135055,0.686769642694675
Image 287,0.522033748447182,0.809136519805552,0.609236395971776,0.683532557251161,0.63497347039291
Image 288,0.680666603430141,0.741547463905315,0.806780055364013,0.768511685146217,0.789605930183419
Image 289,0.757460338904022,0.830876070342224,0.891028285888824,0.851920639431156,0.872534785277125
Image 290,0.591839743447849,0.709069910556472,0.659291903513051,0.666776916177833,0.661019481035479
Image 291,0.675715576436186,0.782085563285388,0.798527922755185,0.787159292029994,0.793081008902151
Image 292,0.548763748590664,0.718101286861086,0.715624338536633,0.680980037993848,0.688883589337707
Image 293,0.569199936526753,0.674663300363422,0.71642919106859,0.673184335410238,0.689409923036221
Image 294,0.7335213601378,0.808781656509999,0.790590525857979,0.793058394535712,0.790701448753105
Image 295,0.726626766439185,0.928820640917193,0.766021809190573,0.812301054660209,0.780816710736174
Image 296,0.589284620079143,0.6419430102214,0.771527652882687,0.644399491890942,0.668529856475119
Image 297,0.617129365718351,0.712217662313466,0.764213289565042,0.720430649266154,0.739268336150345
Image 298,0.749754286831947,0.906634152730442,0.815886171246464,0.849392229976298,0.827255415720939
Image 299,0.720021211239035,0.806251554925036,0.84166785384293,0.817072801892155,0.829793242133657
Image 300,0.94113998436208,0.97543876810824,0.962756521248388,0.968967246202612,0.965210525668972
Image 301,0.748701284381845,0.868237528407485,0.838831506160693,0.847520820967616,0.840938873583911
Image 302,0.763590396942656,0.979041586505758,0.781718404469824,0.856657166632668,0.807934635438361
Image 303,0.539743676806957,0.778911527734069,0.583230734729653,0.655739568108134,0.608536357616416
Image 304,0.633806294190137,0.726068896884296,0.819448265237157,0.746939334867545,0.779873377801906
Image 305,0.880700082633879,0.939630317981386,0.93190751600719,0.934923964243029,0.932918308816485
Image 306,0.774486531340602,0.871646853054128,0.875146514767601,0.860931188307442,0.866347106134141
Image 307,0.704322185167796,0.729499781463101,0.74121170438207,0.732163474814945,0.736071072463735
Image 308,0.664416888537552,0.850182840351985,0.76654511742906,0.796436511760471,0.776152482131249
Image 309,0.695318360228199,0.735787506545276,0.764332296246487,0.746050249424882,0.756044284633894
Image 310,0.576431802608875,0.683720128696795,0.644121500922081,0.656977361782354,0.64796453589203
Image 311,0.779221187736153,0.848164436695768,0.883383197226375,0.859554892362697,0.871984179952084
Image 312,0.775404749619987,0.986968045708704,0.787139893772153,0.860683572602977,0.812489181741604
Image 313,0.653443313764858,0.983828236795072,0.660538175420184,0.790403043545509,0.707003002407708
Image 314,0.433948236079046,0.657096490542174,0.492047766579548,0.551255015593792,0.512515018243971
Image 315,0.470087982998446,0.645065884376163,0.509461885119361,0.558099194938641,0.526629858307053
Image 316,0.523009530073321,0.767491227499425,0.573393217078828,0.595167081252798,0.579125833082122
Image 317,0.291555207179723,0.417184571616647,0.481212187515281,0.385089172808484,0.409579554031666
Image 318,0.321744242052201,0.457906953687193,0.430015296093604,0.421842657791282,0.422315616862118
Image 319,0.528844009862182,0.710371194707953,0.549823974834213,0.605374220035123,0.569009212002569
Image 320,0.605679491529955,0.800076136772228,0.784869096557989,0.75402015788013,0.763092266885101
Image 321,0.614015484129098,0.744585510241096,0.818532867184356,0.74662774908586,0.776173482605143
Image 322,0.65241804619865,0.821438181215173,0.751840799272146,0.770846985965902,0.75729130156941
Image 323,0.616775992419063,0.676633372747875,0.718049960876829,0.682870009966711,0.700695620280104
Image 324,0.602685370372592,0.673021477685921,0.795646231482065,0.710697649369006,0.751890663577045
Image 325,0.811623524531936,0.86954561150938,0.920332093869231,0.890923815521331,0.907421705848177
Image 326,0.910102562785528,0.931063874671604,0.975001156775446,0.950460359891406,0.964473565647185
Image 327,0.795589764823482,0.878012922219398,0.870557834226231,0.873896373466768,0.871802050524511
Image 328,0.870450252861819,0.919275216664162,0.933740481612501,0.92551451759093,0.930186562426143
Image 329,0.66412181506698,0.794288405713975,0.773031320267967,0.760357138301425,0.765100062678368
Image 330,0.73665196558324,0.84902549475543,0.804379376237789,0.819357426010288,0.809269667573679
Image 331,0.727783285113792,0.772916747323881,0.893118165499496,0.813585240166763,0.852863560510489
Image 332,0.708554692364232,0.794183107014708,0.868664252156162,0.811052014605136,0.837724146059757
Image 333,0.641054488719607,0.737878042349086,0.807536400796383,0.750833977158288,0.777116491573557
Image 334,0.745739992015406,0.826091586652614,0.835722866581535,0.830410141453352,0.833469758617512
Image 335,0.813288590522746,0.913719413196941,0.87681711453255,0.880627062883649,0.875870120909241
Image 336,0.750337335979535,0.820607340429496,0.840387080477877,0.828675627803533,0.835172140542615
Image 337,0.73130434665989,0.857765631612268,0.811495160954676,0.829913718060676,0.817957819440441
Image 338,0.822253426610859,0.885413732239487,0.914669099840555,0.898520004353124,0.907828983023487
Image 339,0.783305136995996,0.891617024621479,0.836321053288859,0.858778626998112,0.844425155574892
Image 340,0.672712909921042,0.775868928045033,0.801609308069789,0.784198585699065,0.793427155827407
Image 341,0.704378612938404,0.841135753089355,0.764399678318065,0.795557022315447,0.775608096013713
Image 342,0.836239378721589,0.911744200400726,0.899518558588017,0.905421309215606,0.901831951133026
Image 343,0.803670887840745,0.844807030782425,0.908178850942625,0.870781552277187,0.891388237657161
Image 344,0.93582065315936,0.963754378545535,0.970245781168395,0.9668454121458,0.968847722124658
Image 345,0.745572318432111,0.826864405816639,0.822972032524232,0.821916762678269,0.821943470742642
Image 346,0.676325516823284,0.730593054637529,0.733345509382025,0.729865738029076,0.731749149514291
Image 347,0.684340144606182,0.795389591242285,0.781329751261255,0.780562383624413,0.779699272589375
Image 348,0.67493509413753,0.776139198867583,0.759896110561147,0.744198232836984,0.751712228057607
Image 349,0.864178260823974,0.935040084464693,0.920621971951156,0.924903466051928,0.921697617400799
Image 350,0.782572578780981,0.85889543303378,0.878332512254683,0.867710246251625,0.873846809201751
Image 351,0.767663620351948,0.843014646880753,0.841172379702168,0.841773250618179,0.841338287463781
Image 352,0.737925187280827,0.805118543049976,0.831808560334211,0.813777118606454,0.823525502051341
Image 353,0.717741364537162,0.824610104622139,0.823937187345631,0.819947525372442,0.821157096008914
Image 354,0.734710161095285,0.805507254717007,0.833683464198134,0.817204231330118,0.826475954548171
Image 355,0.761958755039369,0.859688798693071,0.837570412825305,0.84593834202288,0.840406665952774
Image 356,0.808021087337428,0.88613373948326,0.881791936930201,0.879136770006025,0.879705738295075
Image 357,0.73052940257462,0.883949128976373,0.792382452481985,0.829608754836884,0.805738623373816
Image 358,0.78509072665823,0.845808363924405,0.870711340335301,0.857169868050685,0.864997402192888
Image 359,0.728640326769483,0.805696324227379,0.843972600851136,0.820296305907066,0.833109070001819
Image 360,0.722239725632942,0.784075773575426,0.821200719406561,0.797725412996278,0.810325182617047
Image 361,0.670729829645919,0.80034179392639,0.769127681007869,0.773115793757534,0.767889126289679
Image 362,0.803471251716242,0.838530714675832,0.907700138903081,0.864214421870596,0.887132957130462
Image 363,0.81269182971996,0.876854713455986,0.897174651228345,0.885774900233703,0.892278276088779
Image 364,0.734459670094927,0.841152283320827,0.804409556374777,0.81188414208412,0.805962302046374
Image 365,0.766496690047682,0.900806396632455,0.825450947541814,0.855560062243079,0.836166363857306
Image 366,0.790907440017255,0.883486954406976,0.856636368124025,0.864660383588136,0.858889959995687
Image 367,0.798405459948846,0.879750332004819,0.873786711037659,0.8763546841915,0.874716397963299
Image 368,0.80396880714733,0.861700900564503,0.895362293668557,0.875062808005615,0.886209600468663
Image 369,0.790852797290218,0.835242346496355,0.90219863453018,0.862935444301084,0.88461652233671
Image 370,0.821296549600141,0.875719299497457,0.909453861100512,0.889403784390997,0.900472931341266
Image 371,0.753879950807198,0.843793148261626,0.828638685054062,0.835077113869706,0.83097815246108
Image 372,0.766906297780795,0.808965314272493,0.810917180365646,0.809798836319222,0.810435129087083
Image 373,0.718606508210018,0.81859498522582,0.803538919613873,0.809765319114844,0.805748144583323
Image 374,0.725474856554063,0.85462654330585,0.803776568849788,0.820484057437152,0.808677986775824
Image 375,0.817917119893443,0.901960903422512,0.886339388939382,0.893818568772468,0.889254497802013
Image 376,0.683894872113159,0.771853444811459,0.804782598379405,0.781016916072195,0.793124184943814
Image 377,0.753468087055362,0.837321923069746,0.817225534034163,0.824579412507053,0.819675707772948
Image 378,0.769413192879651,0.837315902688705,0.858715866535794,0.847527160859327,0.854113494860319
Image 379,0.726290391810923,0.880104753189382,0.795613438103183,0.829178070937357,0.807442217179244
Image 380,0.793720074924525,0.864867335774786,0.88270986811255,0.872879439874085,0.878545915833832
Image 381,0.801145791745985,0.873542225213704,0.857893270693592,0.864037224759962,0.860019975967686
Image 382,0.868180838456139,0.934432629411434,0.921025082103876,0.925662690853432,0.922423559335946
Image 383,0.737591390723894,0.843383166140698,0.779857954417109,0.802214927815986,0.787557569142308
Image 384,0.782331564710174,0.849524725083781,0.850950861883701,0.850153087105199,0.850610675728503
Image 385,0.863654659754803,0.936692873620825,0.908373042900354,0.921528948239147,0.9134228107156
Image 386,0.768990404527796,0.839618802182813,0.881744366450116,0.859315132679375,0.872418201116222
Image 387,0.700870335479157,0.848287009732561,0.737057639949663,0.760083363443624,0.74453087774863
Image 388,0.753840562731969,0.824139098668821,0.855325306751889,0.838858277260498,0.848513916836807
Image 389,0.79818955596548,0.880667725695405,0.868792163813986,0.874417406700678,0.870970261882171
Image 390,0.779604325208773,0.873104777308899,0.876268981096075,0.86905546779892,0.87189992612655
Image 391,0.774223546888396,0.865416574357783,0.854659249906648,0.857826364118248,0.855452831661247
Image 392,0.666057251422206,0.783703792788886,0.739378518128107,0.751737252118909,0.742483129826891
Image 393,0.645587370075807,0.766026750015867,0.765988744563084,0.734375513821267,0.747665425940315
Image 394,0.744666021685003,0.830449591605137,0.820970821824107,0.817713158012468,0.818306030648991
Image 395,0.727122946915973,0.86287832745099,0.795157942794933,0.817327712618447,0.802442809858543
Image 396,0.655571911354646,0.730571062021612,0.812784077853941,0.734832312630339,0.761683749671792
Image 397,0.761773431707907,0.861972638959078,0.822184188446733,0.838345669709331,0.827996172170804
Image 398,0.70520792140319,0.83346589530815,0.763994889862572,0.77366925461385,0.765970260386101
Image 399,0.754469501847681,0.911128447285198,0.793885534330877,0.809917463041225,0.797949422696804
Image 400,0.713938760161903,0.903520015867968,0.762213851026134,0.783768823302633,0.767889200485383
Image 401,0.784162755864766,0.938256078507528,0.821650183279429,0.849195734071911,0.82990182561537
Image 402,0.76541832233163,0.831366105916794,0.799865190280693,0.80303653462176,0.800075993602488
Image 403,0.732552797913337,0.833613304623455,0.807556075075769,0.811044139242374,0.807521258197892
Image 404,0.71650303660772,0.858697453130593,0.778158582365935,0.811386624153093,0.790252885804782
Image 405,0.778379013528048,0.849116590250033,0.875377234588013,0.861399516355162,0.869568365313711
Image 406,0.732819373426685,0.795960072654769,0.778643331401239,0.786590643032338,0.781681237380069
Image 407,0.804992060291637,0.882844811888545,0.876377472522086,0.879405362835796,0.877540548406878
Image 408,0.761112121626346,0.834196172108827,0.834583138840016,0.823453012579623,0.828019145249037
Image 409,0.650249594628898,0.752970046378728,0.731000599764418,0.734828959134032,0.730555832750743
Image 410,0.827832723526875,0.905080829331203,0.883611932819318,0.893630579169562,0.887462259364789
Image 411,0.719381012628298,0.880032168070601,0.772785333847446,0.814500282753246,0.787452311260563
Image 412,0.760998971131046,0.862445535664739,0.855083451630567,0.851513349483805,0.852100644914957
Image 413,0.74084234837296,0.786704831797639,0.777841188384204,0.781815547076767,0.779325271071418
Image 414,0.781754809524759,0.814668511862431,0.808812329361072,0.811378163140924,0.809763661123445
Image 415,0.69800718341718,0.731438787400252,0.787159873415174,0.753783463476725,0.77206654049745
Image 416,0.767659813463894,0.847575304060602,0.836560730742091,0.839075364475893,0.836997480069995
Image 417,0.678265659194287,0.776593264503058,0.808588024889502,0.775475918150159,0.78988596037636
Image 418,0.682201941687756,0.777549498794289,0.783332191811687,0.76908827878598,0.774469163315141
Image 419,0.597066060118461,0.663195460039551,0.680785483072115,0.668333245103532,0.67520878981504
Image 420,0.803926291204251,0.835440515313412,0.947318038136111,0.874507045882038,0.911660205774104
Image 421,0.643455069657071,0.772168966898045,0.762692251161018,0.74119712748795,0.743281340642094
Image 422,0.795024400242992,0.879479225848894,0.834431520001208,0.851525202606391,0.840408956897023
Image 423,0.775671583550973,0.907747338807146,0.807279959789437,0.822127124634152,0.810988710315007
Image 424,0.755480134716457,0.862091890069572,0.823132993504374,0.836243595011304,0.827330487357315
Image 425,0.698507107882753,0.90198780859066,0.729428633884178,0.783317288771744,0.747029093910686
Image 426,0.746167219606718,0.890247929363569,0.802770253291574,0.825207406653859,0.809359949730129
Image 427,0.78533469302106,0.832957331854743,0.880974201332485,0.850970598125616,0.866992896653649
Image 428,0.790768023689023,0.919965122033673,0.837367048775327,0.868572304591724,0.848239590168717
Image 429,0.669131846280811,0.780810882528586,0.774207107730403,0.770798279156245,0.771368183079276
Image 430,0.798758415324545,0.907035501417427,0.848502469470746,0.873867400342807,0.857865121630742
Image 431,0.753394420781247,0.87924435631588,0.824585666465696,0.846416079820443,0.832293763052927
Image 432,0.775791521108239,0.881140968114356,0.847162079288783,0.857573350117904,0.850223701734871
Image 433,0.77914153695263,0.812735042786056,0.804259253275123,0.807990535399322,0.805653897385032
Image 434,0.747320452672277,0.898961994003205,0.792452167714345,0.830247206937627,0.805082624235725
Image 435,0.826923965567286,0.893116992620154,0.861287886665028,0.873914772281951,0.865762131952718
Image 436,0.7841669681513,0.892763300288633,0.83923664971286,0.859452974744801,0.846270889851466
Image 437,0.767477410263067,0.872303218365248,0.817263910536347,0.841111124228555,0.826104547072967
Image 438,0.784203630866686,0.872630558836204,0.851531149782329,0.8614730365662,0.855376925876672
Image 439,0.695772959470462,0.767523694776996,0.73315242404194,0.744007973302854,0.737122513856265
Image 440,0.746683272600281,0.825561841489123,0.829538570440063,0.826852179761773,0.82830341484861
Image 441,0.606963648567041,0.692389185498731,0.831827607182623,0.711214417565304,0.751498298756502
Image 442,0.745056863317751,0.843019553024194,0.8380495481791,0.838937980040334,0.838016108498995
Image 443,0.681661525688615,0.786992049157537,0.816037708082775,0.766680146138544,0.784649893329535
Image 444,0.715761765556059,0.807147059848322,0.797129236407647,0.794461871158133,0.794506983737432
Image 445,0.781800956033251,0.817621000640447,0.938508535549071,0.863283496894558,0.902921985057562
Image 446,0.793124696677632,0.883067729252264,0.878528542548604,0.877547885446263,0.877450453004143
Image 447,0.779945541037752,0.833943649942137,0.890367082898194,0.857865152397331,0.876128307807091
Image 448,0.799747569919806,0.856157028873229,0.86910648597862,0.86248066421628,0.86641845499205
Image 449,0.819796024420909,0.873955357261768,0.909731963360417,0.890342742430458,0.901562792848295
Image 450,0.685883062322802,0.825746180243769,0.787459192599135,0.785314429844227,0.781773688371877
Image 451,0.772237460825321,0.874286139190194,0.837235630664152,0.852799436364687,0.842903378687028
Image 452,0.744680411565998,0.837799967326361,0.799544292312585,0.814582974003447,0.804883185053056
Image 453,0.770348762096941,0.860162714365202,0.84969507443787,0.852856501411733,0.850532785739266
Image 454,0.698173720454436,0.800804437957512,0.780822578929959,0.788663047661554,0.783520774245048
Image 455,0.656930288736057,0.746034241661733,0.72179364100661,0.721685542963749,0.720776231368774
Image 456,0.755538342900801,0.850950246004073,0.839562929935392,0.843456091199878,0.840698045777507
Image 457,0.753625845126264,0.913929172841952,0.797304307709518,0.839261842996373,0.811824078634394
Image 458,0.726781755907751,0.857529254962213,0.789154607705753,0.812802707882946,0.797177319862506
Image 459,0.742573153890709,0.807626566972189,0.891925044309077,0.826216660952517,0.8551880179094
Image 460,0.540956124719614,0.785842191545174,0.654861414147187,0.701697299765542,0.670725725689327
Image 461,0.736940886544471,0.838869381026309,0.812024431158202,0.818998243556389,0.813790244450204
Image 462,0.752756708362236,0.842547889989305,0.83294793836367,0.835476386492511,0.833506615167196
Image 463,0.715977385302404,0.845187414397745,0.784948270974473,0.810798431694952,0.794499800406377
Image 464,0.709308172419419,0.797425568596645,0.79753509068607,0.788518497277491,0.792020048004477
Image 465,0.697043210643142,0.791737679390981,0.790885798760667,0.788530536924145,0.789254194208964
Image 466,0.829284942620327,0.885464845132509,0.914859884091313,0.897528000611844,0.907169473928767
Image 467,0.799473696203626,0.875977551998043,0.879896511222995,0.876791524818509,0.878378736583881
Image 468,0.547780637441851,0.634590176196179,0.693639753896365,0.632883904599706,0.652166859144806
Image 469,0.742913687937474,0.834911732028298,0.819219850253184,0.826574991087601,0.822050377360205
Image 470,0.773946068371902,0.884859015862371,0.838260977265784,0.853604111703154,0.843147055749941
Image 471,0.750089319150374,0.853010542689612,0.851910628629703,0.848684574091649,0.849767420458319
Image 472,0.664094993096372,0.782414637381832,0.804708939794085,0.790134123060586,0.798073049797674
Image 473,0.704933780339906,0.797805491195422,0.780323731530023,0.786052151493592,0.781998761128828
Image 474,0.783621557978811,0.852612841990435,0.871057406942247,0.861327321991976,0.867036199185584
Image 475,0.621972415537051,0.815235103504175,0.708376068438492,0.749680768058924,0.722840232787668
Image 476,0.816223100028476,0.867104200778924,0.896115185610471,0.88010089894265,0.889278943465826
Image 477,0.788649845947798,0.884468819932927,0.825016056228666,0.847796007151284,0.833057889572859
Image 478,0.819805513923242,0.89662745007049,0.872549626922325,0.882190077315481,0.875945185766123
Image 479,0.720687581438963,0.847471308288138,0.759089388978632,0.783129802732323,0.766778099116416
Image 480,0.61874621260632,0.728293629730799,0.742133063726847,0.715714186768415,0.727838796532939
Image 481,0.795278418894308,0.892503148565952,0.849197443157713,0.868576202980854,0.856475388378264
Image 482,0.609069294580122,0.713234901867214,0.766095226567675,0.710629814289712,0.727478083775767
Image 483,0.665021961477182,0.764925863610213,0.783229711976814,0.773249607404405,0.7790212927418
Image 484,0.820806122058926,0.903050595176562,0.88310832728854,0.890768696479245,0.885696056766171
Image 485,0.794710092310058,0.892122082504329,0.843776560208974,0.864681691143391,0.851537853505437
Image 486,0.636443532082906,0.766666795375384,0.774292670616406,0.756760184600138,0.763102483392223
Image 487,0.652712657999041,0.787825493958705,0.713200873908107,0.743423618899534,0.72404226707041
Image 488,0.70401139992273,0.877667457685188,0.743287125860284,0.792534016670243,0.760325290257148
Image 489,0.749021042117242,0.877733383615186,0.807428591212622,0.82994242863745,0.814768221069513
Image 490,0.850084437226885,0.919114674942014,0.895421826149014,0.906136318387462,0.899472032487823
Image 491,0.528479763785152,0.692451294253928,0.690224308732163,0.62565215031443,0.629252588804723
Image 492,0.678563000212238,0.804629045404689,0.734200114863949,0.759101531597129,0.742491059762881
Image 493,0.781781966834967,0.881186766930036,0.858143150799326,0.86886310965489,0.862258469437956
Image 494,0.627855570907991,0.731413596855646,0.736938838904638,0.730892600065454,0.733560110451703
Image 495,0.836265791678059,0.911557175541173,0.900502757704458,0.905520775007798,0.902393537299595
Image 496,0.752063318354298,0.847508507827492,0.841399426497194,0.840328107797514,0.840170322104847
Image 497,0.873282705194212,0.910575632172473,0.945895333838855,0.927341674392621,0.938242345942964
Image 498,0.682017876093055,0.784221184790684,0.790545708998112,0.780660527856318,0.785068463959474
Image 499,0.651592478844039,0.728911728736933,0.763198521753099,0.716782127363014,0.729245538111524
Image 500,0.589109929609646,0.676664228899216,0.760222005537643,0.704395253549319,0.73324014363166
